b'1',b'2893'
b'2',b'8148'
b'3',b'9366'
b'4',b'4842'
b'5',b'5291'
b'6',b'9461'
b'7',b'8532'
b'8',b'9222'
b'9',b'1136'
b'10',b'3843'
b'11',b'8242'
b'12',b'5979'
b'13',b'7311'
b'14',b'6668'
b'15',b'8535'
b'16',b'2985'
b'17',b'1769'
b'18',b'2399'
b'19',b'9515'
b'20',b'1356'
b'21',b'5991'
b'22',b'9773'
b'23',b'5133'
b'24',b'7897'
b'25',b'6814'
b'26',b'3186'
b'27',b'1529'
b'28',b'2489'
b'29',b'3468'
b'30',b'4998'
b'31',b'6647'
b'32',b'5127'
b'33',b'5378'
b'34',b'7347'
b'35',b'2625'
b'36',b'1443'
b'37',b'1468'
b'38',b'1334'
b'39',b'9692'
b'40',b'5278'
b'41',b'8445'
b'42',b'2157'
b'43',b'3862'
b'44',b'5658'
b'45',b'1428'
b'46',b'6395'
b'47',b'5177'
b'48',b'3523'
b'49',b'9364'
b'50',b'6297'
b'51',b'1154'
b'52',b'6994'
b'53',b'1786'
b'54',b'7271'
b'55',b'7388'
b'56',b'4813'
b'57',b'9872'
b'58',b'7184'
b'59',b'8143'
b'60',b'4767'
b'61',b'9418'
b'62',b'1354'
b'63',b'2577'
b'64',b'3446'
b'65',b'6672'
b'66',b'2686'
b'67',b'2583'
b'68',b'6156'
b'69',b'6123'
b'70',b'6192'
b'71',b'1978'
b'72',b'8216'
b'73',b'3475'
b'74',b'9947'
b'75',b'9331'
b'76',b'9176'
b'77',b'3133'
b'78',b'5391'
b'79',b'5667'
b'80',b'2848'
b'81',b'5397'
b'82',b'4247'
b'83',b'1755'
b'84',b'7458'
b'85',b'8857'
b'86',b'6136'
b'87',b'5652'
b'88',b'9459'
b'89',b'4324'
b'90',b'8515'
b'91',b'8984'
b'92',b'9279'
b'93',b'2367'
b'94',b'7769'
b'95',b'4179'
b'96',b'6797'
b'97',b'4464'
b'98',b'1325'
b'99',b'5732'
b'100',b'1884'
b'101',b'4554'
b'102',b'5288'
b'103',b'1335'
b'104',b'8349'
b'105',b'8114'
b'106',b'2191'
b'107',b'5863'
b'108',b'2558'
b'109',b'1486'
b'110',b'5559'
b'111',b'8972'
b'112',b'7259'
b'113',b'6436'
b'114',b'6761'
b'115',b'9554'
b'116',b'7532'
b'117',b'3458'
b'118',b'3135'
b'119',b'6576'
b'120',b'5114'
b'121',b'7349'
b'122',b'2523'
b'123',b'8912'
b'124',b'7991'
b'125',b'1158'
b'126',b'6288'
b'127',b'8346'
b'128',b'9688'
b'129',b'3651'
b'130',b'9556'
b'131',b'2299'
b'132',b'9295'
b'133',b'6647'
b'134',b'3159'
b'135',b'1243'
b'136',b'7975'
b'137',b'9731'
b'138',b'9712'
b'139',b'6362'
b'140',b'5821'
b'141',b'1689'
b'142',b'6434'
b'143',b'2347'
b'144',b'3728'
b'145',b'4852'
b'146',b'2227'
b'147',b'1675'
b'148',b'8433'
b'149',b'7982'
b'150',b'3893'
b'151',b'2484'
b'152',b'6959'
b'153',b'5444'
b'154',b'8247'
b'155',b'2176'
b'156',b'9545'
b'157',b'7945'
b'158',b'9786'
b'159',b'7573'
b'160',b'4195'
b'161',b'5396'
b'162',b'4996'
b'163',b'9645'
b'164',b'3831'
b'165',b'8826'
b'166',b'1248'
b'167',b'6762'
b'168',b'9728'
b'169',b'9524'
b'170',b'4359'
b'171',b'3284'
b'172',b'1484'
b'173',b'6139'
b'174',b'3489'
b'175',b'2214'
b'176',b'5997'
b'177',b'8757'
b'178',b'1811'
b'179',b'2468'
b'180',b'7584'
b'181',b'1437'
b'182',b'7798'
b'183',b'2641'
b'184',b'1539'
b'185',b'9425'
b'186',b'7651'
b'187',b'4527'
b'188',b'4138'
b'189',b'7238'
b'190',b'9278'
b'191',b'9576'
b'192',b'3177'
b'193',b'4346'
b'194',b'3395'
b'195',b'6369'
b'196',b'5736'
b'197',b'3141'
b'198',b'8859'
b'199',b'8144'
b'200',b'7234'
b'201',b'9454'
b'202',b'9869'
b'203',b'3117'
b'204',b'6232'
b'205',b'9667'
b'206',b'1851'
b'207',b'5119'
b'208',b'5678'
b'209',b'5136'
b'210',b'4848'
b'211',b'4346'
b'212',b'3531'
b'213',b'7172'
b'214',b'8937'
b'215',b'1339'
b'216',b'3921'
b'217',b'1879'
b'218',b'8463'
b'219',b'1567'
b'220',b'1314'
b'221',b'9411'
b'222',b'3942'
b'223',b'3218'
b'224',b'7428'
b'225',b'3965'
b'226',b'9733'
b'227',b'1334'
b'228',b'2626'
b'229',b'8413'
b'230',b'6892'
b'231',b'3896'
b'232',b'5272'
b'233',b'6358'
b'234',b'8648'
b'235',b'3792'
b'236',b'8914'
b'237',b'1754'
b'238',b'9841'
b'239',b'1539'
b'240',b'8944'
b'241',b'3169'
b'242',b'1377'
b'243',b'9738'
b'244',b'5435'
b'245',b'2888'
b'246',b'1681'
b'247',b'3874'
b'248',b'6538'
b'249',b'3322'
b'250',b'6365'
b'251',b'7571'
b'252',b'8289'
b'253',b'7538'
b'254',b'1412'
b'255',b'4457'
b'256',b'4715'
b'257',b'3474'
b'258',b'6275'
b'259',b'8868'
b'260',b'2362'
b'261',b'1673'
b'262',b'9442'
b'263',b'3555'
b'264',b'5346'
b'265',b'8237'
b'266',b'6855'
b'267',b'8596'
b'268',b'7785'
b'269',b'2897'
b'270',b'7532'
b'271',b'2236'
b'272',b'2689'
b'273',b'7318'
b'274',b'3923'
b'275',b'3839'
b'276',b'7764'
b'277',b'6375'
b'278',b'6534'
b'279',b'8565'
b'280',b'8725'
b'281',b'6263'
b'282',b'2674'
b'283',b'2148'
b'284',b'8968'
b'285',b'9558'
b'286',b'2845'
b'287',b'3596'
b'288',b'2565'
b'289',b'3817'
b'290',b'3492'
b'291',b'3568'
b'292',b'3545'
b'293',b'6688'
b'294',b'1558'
b'295',b'3131'
b'296',b'8726'
b'297',b'9874'
b'298',b'1254'
b'299',b'3438'
b'300',b'6487'
b'301',b'8122'
b'302',b'3528'
b'303',b'9198'
b'304',b'4445'
b'305',b'4446'
b'306',b'4934'
b'307',b'8436'
b'308',b'8311'
b'309',b'2869'
b'310',b'8569'
b'311',b'6896'
b'312',b'3789'
b'313',b'9892'
b'314',b'2643'
b'315',b'2766'
b'316',b'9593'
b'317',b'4754'
b'318',b'7488'
b'319',b'2712'
b'320',b'4773'
b'321',b'1789'
b'322',b'8835'
b'323',b'9583'
b'324',b'7549'
b'325',b'3995'
b'326',b'4927'
b'327',b'5484'
b'328',b'8588'
b'329',b'9962'
b'330',b'6563'
b'331',b'2745'
b'332',b'1748'
b'333',b'7981'
b'334',b'4939'
b'335',b'3186'
b'336',b'1417'
b'337',b'7544'
b'338',b'8313'
b'339',b'6868'
b'340',b'5856'
b'341',b'8299'
b'342',b'7864'
b'343',b'3478'
b'344',b'9928'
b'345',b'8981'
b'346',b'8492'
b'347',b'6454'
b'348',b'3191'
b'349',b'6479'
b'350',b'1324'
b'351',b'6826'
b'352',b'1565'
b'353',b'5912'
b'354',b'3934'
b'355',b'3889'
b'356',b'2192'
b'357',b'5638'
b'358',b'7285'
b'359',b'6772'
b'360',b'5878'
b'361',b'3239'
b'362',b'2752'
b'363',b'5272'
b'364',b'7294'
b'365',b'8532'
b'366',b'5924'
b'367',b'3833'
b'368',b'4738'
b'369',b'2393'
b'370',b'9926'
b'371',b'2734'
b'372',b'3458'
b'373',b'6793'
b'374',b'9917'
b'375',b'1765'
b'376',b'2254'
b'377',b'4924'
b'378',b'2259'
b'379',b'9724'
b'380',b'5284'
b'381',b'3533'
b'382',b'5171'
b'383',b'2869'
b'384',b'2718'
b'385',b'4929'
b'386',b'7789'
b'387',b'7516'
b'388',b'9321'
b'389',b'6621'
b'390',b'3945'
b'391',b'1679'
b'392',b'5759'
b'393',b'2242'
b'394',b'4711'
b'395',b'6293'
b'396',b'8821'
b'397',b'6721'
b'398',b'5813'
b'399',b'5988'
b'400',b'9733'
b'401',b'8434'
b'402',b'8876'
b'403',b'5972'
b'404',b'3697'
b'405',b'9926'
b'406',b'4893'
b'407',b'6889'
b'408',b'3945'
b'409',b'7391'
b'410',b'2637'
b'411',b'5322'
b'412',b'2664'
b'413',b'8312'
b'414',b'2259'
b'415',b'1613'
b'416',b'5572'
b'417',b'1511'
b'418',b'3581'
b'419',b'9148'
b'420',b'2692'
b'421',b'4341'
b'422',b'4882'
b'423',b'3834'
b'424',b'6683'
b'425',b'5198'
b'426',b'2881'
b'427',b'5912'
b'428',b'4917'
b'429',b'8964'
b'430',b'7139'
b'431',b'1767'
b'432',b'5438'
b'433',b'5976'
b'434',b'3548'
b'435',b'9521'
b'436',b'6652'
b'437',b'4176'
b'438',b'8392'
b'439',b'5974'
b'440',b'7738'
b'441',b'1728'
b'442',b'2946'
b'443',b'3197'
b'444',b'4982'
b'445',b'6376'
b'446',b'1173'
b'447',b'6785'
b'448',b'4116'
b'449',b'3345'
b'450',b'2958'
b'451',b'1996'
b'452',b'1432'
b'453',b'7119'
b'454',b'8691'
b'455',b'4522'
b'456',b'5651'
b'457',b'7857'
b'458',b'1689'
b'459',b'6459'
b'460',b'3251'
b'461',b'6519'
b'462',b'8673'
b'463',b'2573'
b'464',b'1369'
b'465',b'5859'
b'466',b'7479'
b'467',b'8331'
b'468',b'7464'
b'469',b'6694'
b'470',b'8426'
b'471',b'8595'
b'472',b'2885'
b'473',b'4712'
b'474',b'6424'
b'475',b'5567'
b'476',b'9625'
b'477',b'5713'
b'478',b'3184'
b'479',b'3895'
b'480',b'7258'
b'481',b'6633'
b'482',b'5335'
b'483',b'4757'
b'484',b'8316'
b'485',b'8944'
b'486',b'6239'
b'487',b'4628'
b'488',b'7583'
b'489',b'2464'
b'490',b'4343'
b'491',b'3578'
b'492',b'9261'
b'493',b'2616'
b'494',b'7418'
b'495',b'8717'
b'496',b'3131'
b'497',b'5599'
b'498',b'7167'
b'499',b'7718'
b'500',b'5876'
b'501',b'6594'
b'502',b'1891'
b'503',b'8655'
b'504',b'1274'
b'505',b'6394'
b'506',b'9856'
b'507',b'6546'
b'508',b'7842'
b'509',b'4428'
b'510',b'5962'
b'511',b'8758'
b'512',b'2678'
b'513',b'6644'
b'514',b'3878'
b'515',b'9873'
b'516',b'9156'
b'517',b'9781'
b'518',b'5633'
b'519',b'8549'
b'520',b'6469'
b'521',b'2768'
b'522',b'8934'
b'523',b'4763'
b'524',b'8934'
b'525',b'1834'
b'526',b'6166'
b'527',b'3857'
b'528',b'5584'
b'529',b'4268'
b'530',b'6152'
b'531',b'2685'
b'532',b'8947'
b'533',b'4246'
b'534',b'3756'
b'535',b'2951'
b'536',b'8852'
b'537',b'1525'
b'538',b'5125'
b'539',b'2717'
b'540',b'6662'
b'541',b'9446'
b'542',b'6275'
b'543',b'6194'
b'544',b'1971'
b'545',b'6139'
b'546',b'3481'
b'547',b'8157'
b'548',b'5721'
b'549',b'9243'
b'550',b'7639'
b'551',b'2574'
b'552',b'9389'
b'553',b'2184'
b'554',b'3821'
b'555',b'9337'
b'556',b'2694'
b'557',b'8188'
b'558',b'5136'
b'559',b'6764'
b'560',b'3638'
b'561',b'3114'
b'562',b'4813'
b'563',b'8226'
b'564',b'8961'
b'565',b'4116'
b'566',b'9367'
b'567',b'7771'
b'568',b'9865'
b'569',b'1794'
b'570',b'1184'
b'571',b'3949'
b'572',b'1487'
b'573',b'7151'
b'574',b'8453'
b'575',b'4668'
b'576',b'7258'
b'577',b'2653'
b'578',b'4938'
b'579',b'2134'
b'580',b'6896'
b'581',b'8122'
b'582',b'8231'
b'583',b'9956'
b'584',b'2212'
b'585',b'5424'
b'586',b'6812'
b'587',b'6314'
b'588',b'1383'
b'589',b'8192'
b'590',b'5414'
b'591',b'8685'
b'592',b'3677'
b'593',b'9965'
b'594',b'4864'
b'595',b'8826'
b'596',b'7495'
b'597',b'3352'
b'598',b'6786'
b'599',b'1856'
b'600',b'8213'
b'601',b'1599'
b'602',b'5939'
b'603',b'4495'
b'604',b'4857'
b'605',b'3952'
b'606',b'1673'
b'607',b'3213'
b'608',b'7788'
b'609',b'8794'
b'610',b'3883'
b'611',b'9629'
b'612',b'4932'
b'613',b'9715'
b'614',b'3426'
b'615',b'5189'
b'616',b'2525'
b'617',b'8429'
b'618',b'2367'
b'619',b'8255'
b'620',b'3587'
b'621',b'5925'
b'622',b'7767'
b'623',b'5525'
b'624',b'8397'
b'625',b'2282'
b'626',b'4457'
b'627',b'6117'
b'628',b'2111'
b'629',b'3792'
b'630',b'5645'
b'631',b'1659'
b'632',b'1233'
b'633',b'4863'
b'634',b'3563'
b'635',b'1396'
b'636',b'4911'
b'637',b'9565'
b'638',b'2198'
b'639',b'2877'
b'640',b'9123'
b'641',b'5272'
b'642',b'8884'
b'643',b'8728'
b'644',b'5534'
b'645',b'1142'
b'646',b'8929'
b'647',b'9197'
b'648',b'2147'
b'649',b'6768'
b'650',b'7886'
b'651',b'8552'
b'652',b'5347'
b'653',b'8293'
b'654',b'1481'
b'655',b'9746'
b'656',b'4544'
b'657',b'4186'
b'658',b'3218'
b'659',b'9243'
b'660',b'5286'
b'661',b'4417'
b'662',b'5496'
b'663',b'9734'
b'664',b'8898'
b'665',b'7925'
b'666',b'3974'
b'667',b'9288'
b'668',b'7916'
b'669',b'9247'
b'670',b'1322'
b'671',b'2138'
b'672',b'2392'
b'673',b'1152'
b'674',b'4131'
b'675',b'9878'
b'676',b'7936'
b'677',b'5139'
b'678',b'5452'
b'679',b'8149'
b'680',b'9567'
b'681',b'4726'
b'682',b'2831'
b'683',b'9554'
b'684',b'9991'
b'685',b'6956'
b'686',b'1612'
b'687',b'4319'
b'688',b'6462'
b'689',b'8344'
b'690',b'1445'
b'691',b'5991'
b'692',b'9115'
b'693',b'8237'
b'694',b'2262'
b'695',b'7142'
b'696',b'7984'
b'697',b'7454'
b'698',b'6978'
b'699',b'6646'
b'700',b'5195'
b'701',b'8154'
b'702',b'3879'
b'703',b'4119'
b'704',b'1683'
b'705',b'7795'
b'706',b'5351'
b'707',b'6579'
b'708',b'2452'
b'709',b'3888'
b'710',b'7822'
b'711',b'9666'
b'712',b'7961'
b'713',b'2676'
b'714',b'4444'
b'715',b'2814'
b'716',b'1258'
b'717',b'1429'
b'718',b'8248'
b'719',b'5735'
b'720',b'6247'
b'721',b'4658'
b'722',b'1144'
b'723',b'8135'
b'724',b'5563'
b'725',b'1626'
b'726',b'2472'
b'727',b'4654'
b'728',b'9924'
b'729',b'4742'
b'730',b'6775'
b'731',b'8514'
b'732',b'5689'
b'733',b'8311'
b'734',b'8437'
b'735',b'1755'
b'736',b'8567'
b'737',b'6153'
b'738',b'5437'
b'739',b'2174'
b'740',b'2295'
b'741',b'9331'
b'742',b'8439'
b'743',b'1723'
b'744',b'6153'
b'745',b'7832'
b'746',b'9453'
b'747',b'1244'
b'748',b'2484'
b'749',b'4874'
b'750',b'7292'
b'751',b'2126'
b'752',b'4386'
b'753',b'6179'
b'754',b'9281'
b'755',b'8465'
b'756',b'8477'
b'757',b'1988'
b'758',b'4167'
b'759',b'7243'
b'760',b'7385'
b'761',b'4445'
b'762',b'3455'
b'763',b'9184'
b'764',b'1552'
b'765',b'6914'
b'766',b'1224'
b'767',b'9352'
b'768',b'2525'
b'769',b'1286'
b'770',b'2462'
b'771',b'6869'
b'772',b'1297'
b'773',b'5393'
b'774',b'8187'
b'775',b'1727'
b'776',b'8948'
b'777',b'2167'
b'778',b'3174'
b'779',b'2955'
b'780',b'3638'
b'781',b'7581'
b'782',b'1573'
b'783',b'6264'
b'784',b'1137'
b'785',b'9256'
b'786',b'2867'
b'787',b'4995'
b'788',b'7756'
b'789',b'6624'
b'790',b'2918'
b'791',b'1783'
b'792',b'1232'
b'793',b'4591'
b'794',b'1711'
b'795',b'3725'
b'796',b'6712'
b'797',b'9378'
b'798',b'3222'
b'799',b'1268'
b'800',b'6325'
b'801',b'3715'
b'802',b'8975'
b'803',b'2356'
b'804',b'5687'
b'805',b'9669'
b'806',b'5792'
b'807',b'6997'
b'808',b'9123'
b'809',b'1747'
b'810',b'9421'
b'811',b'1385'
b'812',b'3458'
b'813',b'4231'
b'814',b'4862'
b'815',b'9923'
b'816',b'6999'
b'817',b'8829'
b'818',b'5776'
b'819',b'9475'
b'820',b'1526'
b'821',b'3346'
b'822',b'9821'
b'823',b'8191'
b'824',b'5172'
b'825',b'3996'
b'826',b'9515'
b'827',b'6667'
b'828',b'3274'
b'829',b'5636'
b'830',b'5638'
b'831',b'5712'
b'832',b'6371'
b'833',b'2816'
b'834',b'5333'
b'835',b'2167'
b'836',b'7731'
b'837',b'9377'
b'838',b'5468'
b'839',b'6799'
b'840',b'1593'
b'841',b'4631'
b'842',b'7373'
b'843',b'7687'
b'844',b'4718'
b'845',b'9855'
b'846',b'4713'
b'847',b'6691'
b'848',b'3352'
b'849',b'2199'
b'850',b'7229'
b'851',b'1848'
b'852',b'4972'
b'853',b'7141'
b'854',b'3227'
b'855',b'3346'
b'856',b'2449'
b'857',b'7429'
b'858',b'5397'
b'859',b'2198'
b'860',b'6711'
b'861',b'2997'
b'862',b'8165'
b'863',b'7257'
b'864',b'5765'
b'865',b'4386'
b'866',b'4359'
b'867',b'4917'
b'868',b'6647'
b'869',b'4592'
b'870',b'4421'
b'871',b'5624'
b'872',b'4498'
b'873',b'5165'
b'874',b'9368'
b'875',b'3649'
b'876',b'9813'
b'877',b'5263'
b'878',b'8657'
b'879',b'4434'
b'880',b'3233'
b'881',b'8618'
b'882',b'4329'
b'883',b'8434'
b'884',b'1629'
b'885',b'9356'
b'886',b'9693'
b'887',b'8645'
b'888',b'9212'
b'889',b'1225'
b'890',b'3166'
b'891',b'9465'
b'892',b'3444'
b'893',b'2427'
b'894',b'7189'
b'895',b'7839'
b'896',b'9252'
b'897',b'6219'
b'898',b'1437'
b'899',b'3855'
b'900',b'9832'
b'901',b'7994'
b'902',b'8676'
b'903',b'1123'
b'904',b'4511'
b'905',b'4296'
b'906',b'9427'
b'907',b'9625'
b'908',b'6184'
b'909',b'3457'
b'910',b'8498'
b'911',b'7922'
b'912',b'1384'
b'913',b'7997'
b'914',b'9834'
b'915',b'2386'
b'916',b'6496'
b'917',b'2197'
b'918',b'3798'
b'919',b'8339'
b'920',b'5861'
b'921',b'2868'
b'922',b'5718'
b'923',b'7811'
b'924',b'5435'
b'925',b'6635'
b'926',b'8351'
b'927',b'3126'
b'928',b'9319'
b'929',b'3273'
b'930',b'1477'
b'931',b'4323'
b'932',b'1356'
b'933',b'3862'
b'934',b'1683'
b'935',b'5387'
b'936',b'5458'
b'937',b'9279'
b'938',b'9527'
b'939',b'2881'
b'940',b'7997'
b'941',b'5396'
b'942',b'8197'
b'943',b'4394'
b'944',b'4665'
b'945',b'9152'
b'946',b'9312'
b'947',b'8742'
b'948',b'8358'
b'949',b'8413'
b'950',b'6114'
b'951',b'2872'
b'952',b'4356'
b'953',b'5897'
b'954',b'9363'
b'955',b'4857'
b'956',b'1182'
b'957',b'4881'
b'958',b'1354'
b'959',b'3121'
b'960',b'6418'
b'961',b'2593'
b'962',b'4481'
b'963',b'5374'
b'964',b'6741'
b'965',b'6379'
b'966',b'2321'
b'967',b'8147'
b'968',b'8822'
b'969',b'7769'
b'970',b'4952'
b'971',b'5441'
b'972',b'9975'
b'973',b'4992'
b'974',b'1331'
b'975',b'9222'
b'976',b'3826'
b'977',b'1485'
b'978',b'7535'
b'979',b'9625'
b'980',b'7248'
b'981',b'8747'
b'982',b'8458'
b'983',b'3147'
b'984',b'4772'
b'985',b'1738'
b'986',b'5373'
b'987',b'6267'
b'988',b'4179'
b'989',b'2468'
b'990',b'9726'
b'991',b'2454'
b'992',b'8835'
b'993',b'3881'
b'994',b'5891'
b'995',b'3284'
b'996',b'8884'
b'997',b'1957'
b'998',b'7174'
b'999',b'6179'
b'1000',b'8162'
b'1001',b'5259'
b'1002',b'3519'
b'1003',b'5615'
b'1004',b'9745'
b'1005',b'5163'
b'1006',b'2832'
b'1007',b'3462'
b'1008',b'1536'
b'1009',b'3233'
b'1010',b'3549'
b'1011',b'7388'
b'1012',b'4419'
b'1013',b'2157'
b'1014',b'4871'
b'1015',b'2294'
b'1016',b'3541'
b'1017',b'7324'
b'1018',b'3861'
b'1019',b'8175'
b'1020',b'8768'
b'1021',b'7337'
b'1022',b'5842'
b'1023',b'7514'
b'1024',b'6578'
b'1025',b'2799'
b'1026',b'6991'
b'1027',b'2884'
b'1028',b'8144'
b'1029',b'9719'
b'1030',b'9976'
b'1031',b'2766'
b'1032',b'7184'
b'1033',b'7516'
b'1034',b'1976'
b'1035',b'2397'
b'1036',b'9773'
b'1037',b'7587'
b'1038',b'3181'
b'1039',b'6879'
b'1040',b'7917'
b'1041',b'6562'
b'1042',b'9658'
b'1043',b'7614'
b'1044',b'4415'
b'1045',b'9755'
b'1046',b'3279'
b'1047',b'4649'
b'1048',b'1987'
b'1049',b'5768'
b'1050',b'3269'
b'1051',b'1735'
b'1052',b'1463'
b'1053',b'5566'
b'1054',b'1336'
b'1055',b'7446'
b'1056',b'5672'
b'1057',b'6716'
b'1058',b'4352'
b'1059',b'8536'
b'1060',b'3293'
b'1061',b'9734'
b'1062',b'2363'
b'1063',b'6368'
b'1064',b'3984'
b'1065',b'3854'
b'1066',b'4956'
b'1067',b'4455'
b'1068',b'2777'
b'1069',b'8989'
b'1070',b'4674'
b'1071',b'5474'
b'1072',b'2479'
b'1073',b'2817'
b'1074',b'3139'
b'1075',b'9311'
b'1076',b'1397'
b'1077',b'9269'
b'1078',b'2179'
b'1079',b'4516'
b'1080',b'4932'
b'1081',b'3298'
b'1082',b'6942'
b'1083',b'4724'
b'1084',b'4259'
b'1085',b'2386'
b'1086',b'8945'
b'1087',b'7317'
b'1088',b'2396'
b'1089',b'9324'
b'1090',b'2585'
b'1091',b'6835'
b'1092',b'5473'
b'1093',b'1831'
b'1094',b'8957'
b'1095',b'6936'
b'1096',b'6981'
b'1097',b'7597'
b'1098',b'7966'
b'1099',b'6986'
b'1100',b'3883'
b'1101',b'3737'
b'1102',b'4679'
b'1103',b'7423'
b'1104',b'6118'
b'1105',b'6256'
b'1106',b'6969'
b'1107',b'4277'
b'1108',b'1239'
b'1109',b'3113'
b'1110',b'5256'
b'1111',b'7688'
b'1112',b'6593'
b'1113',b'7769'
b'1114',b'6259'
b'1115',b'1284'
b'1116',b'1677'
b'1117',b'9898'
b'1118',b'7747'
b'1119',b'3151'
b'1120',b'7381'
b'1121',b'6991'
b'1122',b'7112'
b'1123',b'2784'
b'1124',b'1711'
b'1125',b'9915'
b'1126',b'5379'
b'1127',b'8366'
b'1128',b'9347'
b'1129',b'6614'
b'1130',b'3985'
b'1131',b'1739'
b'1132',b'6568'
b'1133',b'5984'
b'1134',b'6541'
b'1135',b'7125'
b'1136',b'8697'
b'1137',b'9171'
b'1138',b'1239'
b'1139',b'2142'
b'1140',b'7443'
b'1141',b'5712'
b'1142',b'5556'
b'1143',b'8517'
b'1144',b'9959'
b'1145',b'3364'
b'1146',b'5495'
b'1147',b'4991'
b'1148',b'2418'
b'1149',b'2618'
b'1150',b'6753'
b'1151',b'9636'
b'1152',b'7631'
b'1153',b'2423'
b'1154',b'3449'
b'1155',b'6643'
b'1156',b'6733'
b'1157',b'4712'
b'1158',b'2147'
b'1159',b'6357'
b'1160',b'4162'
b'1161',b'2448'
b'1162',b'2688'
b'1163',b'1378'
b'1164',b'6975'
b'1165',b'1346'
b'1166',b'8469'
b'1167',b'5391'
b'1168',b'3491'
b'1169',b'4337'
b'1170',b'8855'
b'1171',b'6929'
b'1172',b'7466'
b'1173',b'7993'
b'1174',b'1538'
b'1175',b'8699'
b'1176',b'6923'
b'1177',b'8761'
b'1178',b'8695'
b'1179',b'7553'
b'1180',b'2991'
b'1181',b'8184'
b'1182',b'6842'
b'1183',b'4228'
b'1184',b'4682'
b'1185',b'5223'
b'1186',b'7751'
b'1187',b'3841'
b'1188',b'8618'
b'1189',b'2788'
b'1190',b'9635'
b'1191',b'1993'
b'1192',b'8617'
b'1193',b'7689'
b'1194',b'2821'
b'1195',b'4631'
b'1196',b'5586'
b'1197',b'8582'
b'1198',b'3853'
b'1199',b'4137'
b'1200',b'2349'
b'1201',b'3645'
b'1202',b'3995'
b'1203',b'4311'
b'1204',b'5247'
b'1205',b'8279'
b'1206',b'8786'
b'1207',b'5688'
b'1208',b'3711'
b'1209',b'1955'
b'1210',b'2281'
b'1211',b'1421'
b'1212',b'2833'
b'1213',b'8538'
b'1214',b'5863'
b'1215',b'5623'
b'1216',b'3425'
b'1217',b'5945'
b'1218',b'3171'
b'1219',b'3339'
b'1220',b'4669'
b'1221',b'8676'
b'1222',b'9589'
b'1223',b'2128'
b'1224',b'8612'
b'1225',b'2939'
b'1226',b'5896'
b'1227',b'6376'
b'1228',b'9355'
b'1229',b'1319'
b'1230',b'6696'
b'1231',b'7959'
b'1232',b'3743'
b'1233',b'9427'
b'1234',b'4327'
b'1235',b'6792'
b'1236',b'2995'
b'1237',b'1768'
b'1238',b'5886'
b'1239',b'8193'
b'1240',b'3719'
b'1241',b'4539'
b'1242',b'8336'
b'1243',b'7268'
b'1244',b'8537'
b'1245',b'9738'
b'1246',b'1689'
b'1247',b'3856'
b'1248',b'6937'
b'1249',b'9994'
b'1250',b'6681'
b'1251',b'3797'
b'1252',b'3529'
b'1253',b'8635'
b'1254',b'1666'
b'1255',b'3838'
b'1256',b'7861'
b'1257',b'7283'
b'1258',b'7362'
b'1259',b'9781'
b'1260',b'4976'
b'1261',b'7586'
b'1262',b'7671'
b'1263',b'8488'
b'1264',b'7349'
b'1265',b'2663'
b'1266',b'6824'
b'1267',b'4511'
b'1268',b'5454'
b'1269',b'4594'
b'1270',b'1293'
b'1271',b'1545'
b'1272',b'3234'
b'1273',b'3368'
b'1274',b'9142'
b'1275',b'2619'
b'1276',b'8313'
b'1277',b'3361'
b'1278',b'9225'
b'1279',b'7281'
b'1280',b'9865'
b'1281',b'5568'
b'1282',b'9682'
b'1283',b'4486'
b'1284',b'7486'
b'1285',b'9552'
b'1286',b'1668'
b'1287',b'6273'
b'1288',b'6123'
b'1289',b'4683'
b'1290',b'3998'
b'1291',b'1272'
b'1292',b'4245'
b'1293',b'4571'
b'1294',b'4724'
b'1295',b'5283'
b'1296',b'3911'
b'1297',b'1115'
b'1298',b'3791'
b'1299',b'1632'
b'1300',b'8115'
b'1301',b'2433'
b'1302',b'7467'
b'1303',b'4395'
b'1304',b'2114'
b'1305',b'4892'
b'1306',b'5632'
b'1307',b'3373'
b'1308',b'3875'
b'1309',b'1232'
b'1310',b'8365'
b'1311',b'2478'
b'1312',b'8623'
b'1313',b'2768'
b'1314',b'5849'
b'1315',b'3657'
b'1316',b'8714'
b'1317',b'2626'
b'1318',b'1699'
b'1319',b'6243'
b'1320',b'9793'
b'1321',b'3884'
b'1322',b'2823'
b'1323',b'9778'
b'1324',b'1824'
b'1325',b'1625'
b'1326',b'8848'
b'1327',b'6411'
b'1328',b'5184'
b'1329',b'3693'
b'1330',b'6758'
b'1331',b'7718'
b'1332',b'6966'
b'1333',b'5271'
b'1334',b'7537'
b'1335',b'5877'
b'1336',b'3492'
b'1337',b'2256'
b'1338',b'8147'
b'1339',b'7666'
b'1340',b'6171'
b'1341',b'1786'
b'1342',b'5157'
b'1343',b'4312'
b'1344',b'5855'
b'1345',b'9698'
b'1346',b'3686'
b'1347',b'8461'
b'1348',b'5477'
b'1349',b'5943'
b'1350',b'6729'
b'1351',b'7987'
b'1352',b'1125'
b'1353',b'2879'
b'1354',b'6867'
b'1355',b'6782'
b'1356',b'6225'
b'1357',b'6782'
b'1358',b'5858'
b'1359',b'5584'
b'1360',b'9566'
b'1361',b'4767'
b'1362',b'1195'
b'1363',b'6184'
b'1364',b'7579'
b'1365',b'3644'
b'1366',b'5853'
b'1367',b'6834'
b'1368',b'6492'
b'1369',b'8539'
b'1370',b'6289'
b'1371',b'6314'
b'1372',b'1143'
b'1373',b'1356'
b'1374',b'5139'
b'1375',b'6914'
b'1376',b'3264'
b'1377',b'2462'
b'1378',b'2375'
b'1379',b'7391'
b'1380',b'2858'
b'1381',b'2926'
b'1382',b'9485'
b'1383',b'5189'
b'1384',b'4216'
b'1385',b'1657'
b'1386',b'1179'
b'1387',b'2763'
b'1388',b'9211'
b'1389',b'4944'
b'1390',b'8318'
b'1391',b'6835'
b'1392',b'8146'
b'1393',b'2943'
b'1394',b'2973'
b'1395',b'4698'
b'1396',b'3811'
b'1397',b'2691'
b'1398',b'3496'
b'1399',b'3969'
b'1400',b'5476'
b'1401',b'8273'
b'1402',b'3935'
b'1403',b'7653'
b'1404',b'7528'
b'1405',b'6925'
b'1406',b'1295'
b'1407',b'3369'
b'1408',b'2356'
b'1409',b'9398'
b'1410',b'6998'
b'1411',b'2823'
b'1412',b'5236'
b'1413',b'7657'
b'1414',b'1244'
b'1415',b'7773'
b'1416',b'6214'
b'1417',b'4729'
b'1418',b'9751'
b'1419',b'1969'
b'1420',b'9579'
b'1421',b'4852'
b'1422',b'2755'
b'1423',b'4712'
b'1424',b'3385'
b'1425',b'9563'
b'1426',b'3479'
b'1427',b'5652'
b'1428',b'7336'
b'1429',b'1116'
b'1430',b'7365'
b'1431',b'3885'
b'1432',b'1711'
b'1433',b'4856'
b'1434',b'1788'
b'1435',b'3783'
b'1436',b'9118'
b'1437',b'8283'
b'1438',b'3323'
b'1439',b'3941'
b'1440',b'9974'
b'1441',b'5299'
b'1442',b'3686'
b'1443',b'3732'
b'1444',b'1231'
b'1445',b'3757'
b'1446',b'6254'
b'1447',b'7692'
b'1448',b'3498'
b'1449',b'8479'
b'1450',b'9626'
b'1451',b'6412'
b'1452',b'8132'
b'1453',b'5688'
b'1454',b'2165'
b'1455',b'6916'
b'1456',b'9447'
b'1457',b'6982'
b'1458',b'6529'
b'1459',b'4945'
b'1460',b'1253'
b'1461',b'4229'
b'1462',b'9412'
b'1463',b'1945'
b'1464',b'6574'
b'1465',b'4346'
b'1466',b'9189'
b'1467',b'6861'
b'1468',b'6367'
b'1469',b'2258'
b'1470',b'9363'
b'1471',b'3273'
b'1472',b'7686'
b'1473',b'4358'
b'1474',b'2387'
b'1475',b'2794'
b'1476',b'8473'
b'1477',b'7597'
b'1478',b'7418'
b'1479',b'1149'
b'1480',b'4218'
b'1481',b'7397'
b'1482',b'5837'
b'1483',b'4593'
b'1484',b'5852'
b'1485',b'1799'
b'1486',b'7718'
b'1487',b'3853'
b'1488',b'1412'
b'1489',b'2212'
b'1490',b'9972'
b'1491',b'9548'
b'1492',b'1284'
b'1493',b'8335'
b'1494',b'5539'
b'1495',b'7844'
b'1496',b'7237'
b'1497',b'5422'
b'1498',b'3464'
b'1499',b'6448'
b'1500',b'8682'
b'1501',b'6556'
b'1502',b'2654'
b'1503',b'2538'
b'1504',b'6431'
b'1505',b'9977'
b'1506',b'1613'
b'1507',b'2266'
b'1508',b'7645'
b'1509',b'2674'
b'1510',b'3137'
b'1511',b'1661'
b'1512',b'8829'
b'1513',b'3458'
b'1514',b'5659'
b'1515',b'4287'
b'1516',b'3424'
b'1517',b'8551'
b'1518',b'7761'
b'1519',b'6327'
b'1520',b'8728'
b'1521',b'7257'
b'1522',b'1682'
b'1523',b'9468'
b'1524',b'9779'
b'1525',b'4365'
b'1526',b'7328'
b'1527',b'3571'
b'1528',b'7543'
b'1529',b'4332'
b'1530',b'4675'
b'1531',b'2586'
b'1532',b'2924'
b'1533',b'5444'
b'1534',b'3698'
b'1535',b'4831'
b'1536',b'1122'
b'1537',b'9481'
b'1538',b'8646'
b'1539',b'4766'
b'1540',b'4623'
b'1541',b'5464'
b'1542',b'1799'
b'1543',b'3112'
b'1544',b'2697'
b'1545',b'6817'
b'1546',b'9822'
b'1547',b'8813'
b'1548',b'1854'
b'1549',b'8354'
b'1550',b'8961'
b'1551',b'8929'
b'1552',b'8398'
b'1553',b'7933'
b'1554',b'5831'
b'1555',b'4361'
b'1556',b'9831'
b'1557',b'6823'
b'1558',b'8151'
b'1559',b'8416'
b'1560',b'3241'
b'1561',b'9949'
b'1562',b'1376'
b'1563',b'8291'
b'1564',b'8878'
b'1565',b'2628'
b'1566',b'1268'
b'1567',b'8188'
b'1568',b'5157'
b'1569',b'5916'
b'1570',b'8955'
b'1571',b'6318'
b'1572',b'3619'
b'1573',b'1488'
b'1574',b'3564'
b'1575',b'2348'
b'1576',b'2749'
b'1577',b'6139'
b'1578',b'8259'
b'1579',b'9882'
b'1580',b'7837'
b'1581',b'6329'
b'1582',b'4336'
b'1583',b'4534'
b'1584',b'3547'
b'1585',b'3771'
b'1586',b'5728'
b'1587',b'5364'
b'1588',b'3489'
b'1589',b'1131'
b'1590',b'9215'
b'1591',b'5487'
b'1592',b'3683'
b'1593',b'3213'
b'1594',b'4944'
b'1595',b'4476'
b'1596',b'2932'
b'1597',b'2763'
b'1598',b'3539'
b'1599',b'7793'
b'1600',b'1998'
b'1601',b'5565'
b'1602',b'6582'
b'1603',b'7641'
b'1604',b'7672'
b'1605',b'1711'
b'1606',b'7796'
b'1607',b'2466'
b'1608',b'9113'
b'1609',b'3363'
b'1610',b'4423'
b'1611',b'4628'
b'1612',b'3591'
b'1613',b'1124'
b'1614',b'1387'
b'1615',b'9491'
b'1616',b'8756'
b'1617',b'5584'
b'1618',b'6447'
b'1619',b'2821'
b'1620',b'7626'
b'1621',b'8564'
b'1622',b'6146'
b'1623',b'7139'
b'1624',b'7467'
b'1625',b'3826'
b'1626',b'7758'
b'1627',b'8781'
b'1628',b'5362'
b'1629',b'2562'
b'1630',b'6663'
b'1631',b'1596'
b'1632',b'1111'
b'1633',b'3891'
b'1634',b'2959'
b'1635',b'9898'
b'1636',b'5691'
b'1637',b'3664'
b'1638',b'2777'
b'1639',b'6478'
b'1640',b'7763'
b'1641',b'1334'
b'1642',b'5299'
b'1643',b'6261'
b'1644',b'8626'
b'1645',b'1171'
b'1646',b'2925'
b'1647',b'5629'
b'1648',b'3572'
b'1649',b'1761'
b'1650',b'3199'
b'1651',b'2812'
b'1652',b'1264'
b'1653',b'8686'
b'1654',b'2196'
b'1655',b'1379'
b'1656',b'7581'
b'1657',b'8242'
b'1658',b'1811'
b'1659',b'3783'
b'1660',b'3377'
b'1661',b'1515'
b'1662',b'3966'
b'1663',b'9648'
b'1664',b'9948'
b'1665',b'8696'
b'1666',b'2915'
b'1667',b'2669'
b'1668',b'4474'
b'1669',b'7515'
b'1670',b'9526'
b'1671',b'4139'
b'1672',b'9544'
b'1673',b'3227'
b'1674',b'9349'
b'1675',b'5497'
b'1676',b'7614'
b'1677',b'3247'
b'1678',b'2575'
b'1679',b'6186'
b'1680',b'4714'
b'1681',b'3368'
b'1682',b'2838'
b'1683',b'2371'
b'1684',b'7762'
b'1685',b'5167'
b'1686',b'1671'
b'1687',b'4461'
b'1688',b'5462'
b'1689',b'7175'
b'1690',b'7592'
b'1691',b'7929'
b'1692',b'1826'
b'1693',b'7728'
b'1694',b'8852'
b'1695',b'8865'
b'1696',b'1985'
b'1697',b'4678'
b'1698',b'9812'
b'1699',b'8654'
b'1700',b'8824'
b'1701',b'7744'
b'1702',b'7953'
b'1703',b'5398'
b'1704',b'6785'
b'1705',b'7193'
b'1706',b'3965'
b'1707',b'8937'
b'1708',b'6819'
b'1709',b'2582'
b'1710',b'5456'
b'1711',b'2424'
b'1712',b'7565'
b'1713',b'9692'
b'1714',b'8253'
b'1715',b'2944'
b'1716',b'9232'
b'1717',b'2371'
b'1718',b'8465'
b'1719',b'6368'
b'1720',b'8961'
b'1721',b'2531'
b'1722',b'3953'
b'1723',b'9852'
b'1724',b'8474'
b'1725',b'1512'
b'1726',b'1111'
b'1727',b'8917'
b'1728',b'7685'
b'1729',b'9786'
b'1730',b'8357'
b'1731',b'3852'
b'1732',b'4147'
b'1733',b'6559'
b'1734',b'9957'
b'1735',b'9885'
b'1736',b'4444'
b'1737',b'4157'
b'1738',b'6932'
b'1739',b'6452'
b'1740',b'9223'
b'1741',b'7889'
b'1742',b'8932'
b'1743',b'2562'
b'1744',b'5434'
b'1745',b'9527'
b'1746',b'7431'
b'1747',b'4765'
b'1748',b'4547'
b'1749',b'4877'
b'1750',b'6224'
b'1751',b'3216'
b'1752',b'9383'
b'1753',b'8945'
b'1754',b'8593'
b'1755',b'4427'
b'1756',b'5252'
b'1757',b'2625'
b'1758',b'2726'
b'1759',b'9636'
b'1760',b'5769'
b'1761',b'1262'
b'1762',b'8433'
b'1763',b'1499'
b'1764',b'4759'
b'1765',b'9869'
b'1766',b'5123'
b'1767',b'8648'
b'1768',b'9799'
b'1769',b'9756'
b'1770',b'6976'
b'1771',b'8794'
b'1772',b'3974'
b'1773',b'1846'
b'1774',b'5835'
b'1775',b'7784'
b'1776',b'4847'
b'1777',b'5764'
b'1778',b'2292'
b'1779',b'9823'
b'1780',b'4983'
b'1781',b'1643'
b'1782',b'3869'
b'1783',b'7299'
b'1784',b'7859'
b'1785',b'8111'
b'1786',b'2114'
b'1787',b'6729'
b'1788',b'2683'
b'1789',b'3346'
b'1790',b'4278'
b'1791',b'8996'
b'1792',b'4329'
b'1793',b'2965'
b'1794',b'1125'
b'1795',b'8339'
b'1796',b'3352'
b'1797',b'3676'
b'1798',b'3961'
b'1799',b'9843'
b'1800',b'3916'
b'1801',b'7986'
b'1802',b'7399'
b'1803',b'8557'
b'1804',b'9148'
b'1805',b'5199'
b'1806',b'5142'
b'1807',b'3575'
b'1808',b'2956'
b'1809',b'6117'
b'1810',b'6796'
b'1811',b'2384'
b'1812',b'9237'
b'1813',b'2739'
b'1814',b'7366'
b'1815',b'5899'
b'1816',b'1918'
b'1817',b'6961'
b'1818',b'3954'
b'1819',b'1748'
b'1820',b'2831'
b'1821',b'2865'
b'1822',b'3411'
b'1823',b'4945'
b'1824',b'8895'
b'1825',b'2729'
b'1826',b'7622'
b'1827',b'8572'
b'1828',b'1942'
b'1829',b'5581'
b'1830',b'4515'
b'1831',b'5617'
b'1832',b'8938'
b'1833',b'9268'
b'1834',b'2415'
b'1835',b'5961'
b'1836',b'3878'
b'1837',b'4778'
b'1838',b'4358'
b'1839',b'2386'
b'1840',b'8179'
b'1841',b'2427'
b'1842',b'8255'
b'1843',b'5931'
b'1844',b'8925'
b'1845',b'7268'
b'1846',b'3645'
b'1847',b'8645'
b'1848',b'8442'
b'1849',b'6775'
b'1850',b'8626'
b'1851',b'3895'
b'1852',b'7959'
b'1853',b'3493'
b'1854',b'6272'
b'1855',b'1728'
b'1856',b'4575'
b'1857',b'5785'
b'1858',b'3386'
b'1859',b'1443'
b'1860',b'5655'
b'1861',b'5463'
b'1862',b'4426'
b'1863',b'7557'
b'1864',b'9479'
b'1865',b'3879'
b'1866',b'6558'
b'1867',b'1723'
b'1868',b'1167'
b'1869',b'8166'
b'1870',b'7196'
b'1871',b'9386'
b'1872',b'6386'
b'1873',b'5428'
b'1874',b'3663'
b'1875',b'4151'
b'1876',b'1951'
b'1877',b'4733'
b'1878',b'1117'
b'1879',b'9818'
b'1880',b'1636'
b'1881',b'3425'
b'1882',b'2672'
b'1883',b'3896'
b'1884',b'4118'
b'1885',b'4934'
b'1886',b'7195'
b'1887',b'6868'
b'1888',b'8694'
b'1889',b'5981'
b'1890',b'2157'
b'1891',b'4792'
b'1892',b'1559'
b'1893',b'2594'
b'1894',b'2891'
b'1895',b'6388'
b'1896',b'6797'
b'1897',b'8945'
b'1898',b'1538'
b'1899',b'4517'
b'1900',b'1549'
b'1901',b'6555'
b'1902',b'3381'
b'1903',b'7919'
b'1904',b'9884'
b'1905',b'8152'
b'1906',b'7351'
b'1907',b'6952'
b'1908',b'3533'
b'1909',b'9879'
b'1910',b'2964'
b'1911',b'4912'
b'1912',b'5343'
b'1913',b'7968'
b'1914',b'8955'
b'1915',b'9695'
b'1916',b'7436'
b'1917',b'2795'
b'1918',b'9617'
b'1919',b'5434'
b'1920',b'1296'
b'1921',b'4764'
b'1922',b'6822'
b'1923',b'7836'
b'1924',b'7825'
b'1925',b'7428'
b'1926',b'4677'
b'1927',b'2899'
b'1928',b'7658'
b'1929',b'7459'
b'1930',b'2546'
b'1931',b'8915'
b'1932',b'3125'
b'1933',b'3879'
b'1934',b'4282'
b'1935',b'1412'
b'1936',b'4494'
b'1937',b'9986'
b'1938',b'6841'
b'1939',b'7542'
b'1940',b'1772'
b'1941',b'3737'
b'1942',b'4587'
b'1943',b'9483'
b'1944',b'8888'
b'1945',b'6729'
b'1946',b'6876'
b'1947',b'6861'
b'1948',b'8547'
b'1949',b'5381'
b'1950',b'6284'
b'1951',b'3974'
b'1952',b'4576'
b'1953',b'2128'
b'1954',b'8424'
b'1955',b'4312'
b'1956',b'8528'
b'1957',b'8455'
b'1958',b'8347'
b'1959',b'6239'
b'1960',b'5117'
b'1961',b'7873'
b'1962',b'2698'
b'1963',b'4815'
b'1964',b'5966'
b'1965',b'7666'
b'1966',b'3164'
b'1967',b'8575'
b'1968',b'2769'
b'1969',b'3683'
b'1970',b'5151'
b'1971',b'4183'
b'1972',b'6218'
b'1973',b'3882'
b'1974',b'1868'
b'1975',b'9882'
b'1976',b'2443'
b'1977',b'2666'
b'1978',b'1935'
b'1979',b'6239'
b'1980',b'5661'
b'1981',b'6966'
b'1982',b'4393'
b'1983',b'1468'
b'1984',b'7667'
b'1985',b'7883'
b'1986',b'3674'
b'1987',b'9956'
b'1988',b'2351'
b'1989',b'8251'
b'1990',b'5735'
b'1991',b'9473'
b'1992',b'9479'
b'1993',b'3825'
b'1994',b'4125'
b'1995',b'6185'
b'1996',b'6645'
b'1997',b'4144'
b'1998',b'5986'
b'1999',b'1216'
b'2000',b'4492'
b'2001',b'3192'
b'2002',b'6956'
b'2003',b'6114'
b'2004',b'7165'
b'2005',b'1374'
b'2006',b'4831'
b'2007',b'4493'
b'2008',b'6443'
b'2009',b'6546'
b'2010',b'9937'
b'2011',b'7621'
b'2012',b'2719'
b'2013',b'6125'
b'2014',b'3162'
b'2015',b'6384'
b'2016',b'5251'
b'2017',b'7837'
b'2018',b'5711'
b'2019',b'6764'
b'2020',b'5415'
b'2021',b'8955'
b'2022',b'7785'
b'2023',b'7144'
b'2024',b'8662'
b'2025',b'4926'
b'2026',b'6655'
b'2027',b'8812'
b'2028',b'3718'
b'2029',b'1339'
b'2030',b'1338'
b'2031',b'6883'
b'2032',b'7383'
b'2033',b'6661'
b'2034',b'6238'
b'2035',b'3277'
b'2036',b'1827'
b'2037',b'6827'
b'2038',b'6912'
b'2039',b'4474'
b'2040',b'1576'
b'2041',b'6277'
b'2042',b'7518'
b'2043',b'1222'
b'2044',b'6127'
b'2045',b'6784'
b'2046',b'1756'
b'2047',b'8889'
b'2048',b'2569'
b'2049',b'8243'
b'2050',b'4696'
b'2051',b'9834'
b'2052',b'4178'
b'2053',b'3789'
b'2054',b'2383'
b'2055',b'7455'
b'2056',b'7746'
b'2057',b'9314'
b'2058',b'9292'
b'2059',b'2332'
b'2060',b'7947'
b'2061',b'8971'
b'2062',b'6778'
b'2063',b'3242'
b'2064',b'6828'
b'2065',b'6882'
b'2066',b'3242'
b'2067',b'9876'
b'2068',b'7459'
b'2069',b'9746'
b'2070',b'7281'
b'2071',b'3271'
b'2072',b'4941'
b'2073',b'2228'
b'2074',b'5244'
b'2075',b'3882'
b'2076',b'9973'
b'2077',b'4913'
b'2078',b'2662'
b'2079',b'6313'
b'2080',b'4528'
b'2081',b'9936'
b'2082',b'6394'
b'2083',b'9876'
b'2084',b'3229'
b'2085',b'8599'
b'2086',b'7547'
b'2087',b'4448'
b'2088',b'2552'
b'2089',b'6388'
b'2090',b'3488'
b'2091',b'3597'
b'2092',b'7617'
b'2093',b'7113'
b'2094',b'1137'
b'2095',b'5729'
b'2096',b'1411'
b'2097',b'4172'
b'2098',b'5458'
b'2099',b'4696'
b'2100',b'4233'
b'2101',b'5588'
b'2102',b'7675'
b'2103',b'8553'
b'2104',b'1752'
b'2105',b'2197'
b'2106',b'2865'
b'2107',b'8934'
b'2108',b'6634'
b'2109',b'8185'
b'2110',b'3593'
b'2111',b'4198'
b'2112',b'3962'
b'2113',b'4313'
b'2114',b'5394'
b'2115',b'7678'
b'2116',b'5634'
b'2117',b'4313'
b'2118',b'9585'
b'2119',b'6572'
b'2120',b'3111'
b'2121',b'9614'
b'2122',b'5728'
b'2123',b'9413'
b'2124',b'9111'
b'2125',b'1932'
b'2126',b'5154'
b'2127',b'4426'
b'2128',b'7575'
b'2129',b'4634'
b'2130',b'7951'
b'2131',b'2673'
b'2132',b'5129'
b'2133',b'4673'
b'2134',b'6765'
b'2135',b'6831'
b'2136',b'5597'
b'2137',b'8476'
b'2138',b'9288'
b'2139',b'2276'
b'2140',b'7395'
b'2141',b'8421'
b'2142',b'6636'
b'2143',b'7159'
b'2144',b'9892'
b'2145',b'1585'
b'2146',b'6965'
b'2147',b'4495'
b'2148',b'4247'
b'2149',b'3948'
b'2150',b'9558'
b'2151',b'6545'
b'2152',b'7671'
b'2153',b'9713'
b'2154',b'8154'
b'2155',b'9389'
b'2156',b'4347'
b'2157',b'4396'
b'2158',b'1739'
b'2159',b'5576'
b'2160',b'3834'
b'2161',b'2366'
b'2162',b'8781'
b'2163',b'5123'
b'2164',b'3537'
b'2165',b'2944'
b'2166',b'7179'
b'2167',b'2723'
b'2168',b'5786'
b'2169',b'3291'
b'2170',b'9873'
b'2171',b'4699'
b'2172',b'1353'
b'2173',b'7272'
b'2174',b'6158'
b'2175',b'6232'
b'2176',b'4492'
b'2177',b'3958'
b'2178',b'5243'
b'2179',b'1593'
b'2180',b'6444'
b'2181',b'3533'
b'2182',b'9824'
b'2183',b'1284'
b'2184',b'8575'
b'2185',b'7732'
b'2186',b'5834'
b'2187',b'6778'
b'2188',b'4899'
b'2189',b'7716'
b'2190',b'7961'
b'2191',b'2267'
b'2192',b'7211'
b'2193',b'8721'
b'2194',b'3142'
b'2195',b'6971'
b'2196',b'9852'
b'2197',b'7816'
b'2198',b'9836'
b'2199',b'7594'
b'2200',b'8162'
b'2201',b'2784'
b'2202',b'6455'
b'2203',b'5279'
b'2204',b'9616'
b'2205',b'9211'
b'2206',b'9155'
b'2207',b'2591'
b'2208',b'3547'
b'2209',b'2827'
b'2210',b'6576'
b'2211',b'5555'
b'2212',b'1561'
b'2213',b'3767'
b'2214',b'8973'
b'2215',b'8364'
b'2216',b'7814'
b'2217',b'1231'
b'2218',b'7496'
b'2219',b'4965'
b'2220',b'2437'
b'2221',b'4476'
b'2222',b'6526'
b'2223',b'7238'
b'2224',b'4134'
b'2225',b'8683'
b'2226',b'6389'
b'2227',b'3954'
b'2228',b'6598'
b'2229',b'3649'
b'2230',b'4263'
b'2231',b'6482'
b'2232',b'5912'
b'2233',b'3527'
b'2234',b'3659'
b'2235',b'1986'
b'2236',b'8539'
b'2237',b'6651'
b'2238',b'7232'
b'2239',b'7123'
b'2240',b'7179'
b'2241',b'5757'
b'2242',b'8952'
b'2243',b'5781'
b'2244',b'7386'
b'2245',b'7966'
b'2246',b'6912'
b'2247',b'3556'
b'2248',b'7395'
b'2249',b'9483'
b'2250',b'8262'
b'2251',b'5522'
b'2252',b'3844'
b'2253',b'7685'
b'2254',b'5432'
b'2255',b'3275'
b'2256',b'9889'
b'2257',b'6595'
b'2258',b'4682'
b'2259',b'5633'
b'2260',b'1721'
b'2261',b'5127'
b'2262',b'8543'
b'2263',b'8571'
b'2264',b'6247'
b'2265',b'9611'
b'2266',b'6128'
b'2267',b'1634'
b'2268',b'8798'
b'2269',b'4726'
b'2270',b'8799'
b'2271',b'9653'
b'2272',b'4814'
b'2273',b'2833'
b'2274',b'9519'
b'2275',b'6626'
b'2276',b'9154'
b'2277',b'5565'
b'2278',b'4563'
b'2279',b'3469'
b'2280',b'4621'
b'2281',b'4814'
b'2282',b'8583'
b'2283',b'7965'
b'2284',b'1416'
b'2285',b'4778'
b'2286',b'2244'
b'2287',b'6748'
b'2288',b'4333'
b'2289',b'8413'
b'2290',b'9523'
b'2291',b'4379'
b'2292',b'7931'
b'2293',b'8241'
b'2294',b'3729'
b'2295',b'1296'
b'2296',b'1355'
b'2297',b'5579'
b'2298',b'3324'
b'2299',b'6118'
b'2300',b'7125'
b'2301',b'3753'
b'2302',b'3662'
b'2303',b'6666'
b'2304',b'8637'
b'2305',b'8716'
b'2306',b'5239'
b'2307',b'2839'
b'2308',b'8616'
b'2309',b'6263'
b'2310',b'2265'
b'2311',b'3884'
b'2312',b'2593'
b'2313',b'8978'
b'2314',b'2274'
b'2315',b'4419'
b'2316',b'4786'
b'2317',b'2585'
b'2318',b'1492'
b'2319',b'3976'
b'2320',b'8375'
b'2321',b'7367'
b'2322',b'3224'
b'2323',b'3575'
b'2324',b'2381'
b'2325',b'2766'
b'2326',b'5622'
b'2327',b'2169'
b'2328',b'4542'
b'2329',b'7598'
b'2330',b'2658'
b'2331',b'6264'
b'2332',b'9899'
b'2333',b'7762'
b'2334',b'2675'
b'2335',b'5947'
b'2336',b'8515'
b'2337',b'4299'
b'2338',b'5184'
b'2339',b'2476'
b'2340',b'5719'
b'2341',b'7372'
b'2342',b'3169'
b'2343',b'9579'
b'2344',b'2446'
b'2345',b'8357'
b'2346',b'4897'
b'2347',b'4262'
b'2348',b'5463'
b'2349',b'6242'
b'2350',b'5415'
b'2351',b'7762'
b'2352',b'7384'
b'2353',b'1469'
b'2354',b'6648'
b'2355',b'4373'
b'2356',b'1895'
b'2357',b'4754'
b'2358',b'4831'
b'2359',b'5873'
b'2360',b'9761'
b'2361',b'4661'
b'2362',b'4881'
b'2363',b'2498'
b'2364',b'2987'
b'2365',b'7925'
b'2366',b'6149'
b'2367',b'9275'
b'2368',b'8163'
b'2369',b'7187'
b'2370',b'8574'
b'2371',b'3225'
b'2372',b'1376'
b'2373',b'4335'
b'2374',b'2754'
b'2375',b'4632'
b'2376',b'4373'
b'2377',b'7924'
b'2378',b'9485'
b'2379',b'5562'
b'2380',b'9745'
b'2381',b'4849'
b'2382',b'4463'
b'2383',b'9227'
b'2384',b'2139'
b'2385',b'8633'
b'2386',b'4852'
b'2387',b'9889'
b'2388',b'4275'
b'2389',b'6346'
b'2390',b'7884'
b'2391',b'9873'
b'2392',b'4713'
b'2393',b'4532'
b'2394',b'9735'
b'2395',b'2189'
b'2396',b'5632'
b'2397',b'9992'
b'2398',b'2755'
b'2399',b'9423'
b'2400',b'7776'
b'2401',b'8823'
b'2402',b'4121'
b'2403',b'8613'
b'2404',b'6337'
b'2405',b'7452'
b'2406',b'4376'
b'2407',b'8124'
b'2408',b'9143'
b'2409',b'9756'
b'2410',b'8387'
b'2411',b'3785'
b'2412',b'4459'
b'2413',b'7997'
b'2414',b'1351'
b'2415',b'6469'
b'2416',b'5932'
b'2417',b'7678'
b'2418',b'6448'
b'2419',b'2237'
b'2420',b'3564'
b'2421',b'9251'
b'2422',b'1875'
b'2423',b'2752'
b'2424',b'5823'
b'2425',b'5372'
b'2426',b'2858'
b'2427',b'5198'
b'2428',b'6869'
b'2429',b'6538'
b'2430',b'6345'
b'2431',b'9189'
b'2432',b'8545'
b'2433',b'5567'
b'2434',b'5665'
b'2435',b'8211'
b'2436',b'8763'
b'2437',b'2285'
b'2438',b'3382'
b'2439',b'6972'
b'2440',b'5397'
b'2441',b'8493'
b'2442',b'8566'
b'2443',b'6518'
b'2444',b'8314'
b'2445',b'3665'
b'2446',b'5822'
b'2447',b'5769'
b'2448',b'5578'
b'2449',b'1182'
b'2450',b'2628'
b'2451',b'4784'
b'2452',b'8839'
b'2453',b'8956'
b'2454',b'5754'
b'2455',b'3955'
b'2456',b'9723'
b'2457',b'8381'
b'2458',b'7566'
b'2459',b'5757'
b'2460',b'3378'
b'2461',b'9183'
b'2462',b'8225'
b'2463',b'8315'
b'2464',b'1994'
b'2465',b'2719'
b'2466',b'4872'
b'2467',b'9249'
b'2468',b'4142'
b'2469',b'2582'
b'2470',b'7633'
b'2471',b'9266'
b'2472',b'1554'
b'2473',b'3639'
b'2474',b'6484'
b'2475',b'6385'
b'2476',b'3975'
b'2477',b'8252'
b'2478',b'2736'
b'2479',b'7946'
b'2480',b'6145'
b'2481',b'5338'
b'2482',b'2169'
b'2483',b'1474'
b'2484',b'4312'
b'2485',b'2327'
b'2486',b'9672'
b'2487',b'6367'
b'2488',b'2216'
b'2489',b'8186'
b'2490',b'7443'
b'2491',b'2339'
b'2492',b'1835'
b'2493',b'2363'
b'2494',b'8272'
b'2495',b'6113'
b'2496',b'5516'
b'2497',b'9269'
b'2498',b'4296'
b'2499',b'4144'
b'2500',b'3317'
b'2501',b'9844'
b'2502',b'3721'
b'2503',b'3934'
b'2504',b'2267'
b'2505',b'3475'
b'2506',b'5891'
b'2507',b'2638'
b'2508',b'7254'
b'2509',b'8618'
b'2510',b'6965'
b'2511',b'5638'
b'2512',b'2657'
b'2513',b'7971'
b'2514',b'5277'
b'2515',b'3859'
b'2516',b'5416'
b'2517',b'4674'
b'2518',b'2321'
b'2519',b'1165'
b'2520',b'9459'
b'2521',b'3564'
b'2522',b'2852'
b'2523',b'1958'
b'2524',b'8991'
b'2525',b'3691'
b'2526',b'7385'
b'2527',b'6359'
b'2528',b'8958'
b'2529',b'9148'
b'2530',b'3145'
b'2531',b'4363'
b'2532',b'4839'
b'2533',b'6596'
b'2534',b'7347'
b'2535',b'1466'
b'2536',b'8349'
b'2537',b'4521'
b'2538',b'4292'
b'2539',b'8833'
b'2540',b'5828'
b'2541',b'7375'
b'2542',b'5247'
b'2543',b'5896'
b'2544',b'1985'
b'2545',b'4261'
b'2546',b'6357'
b'2547',b'7549'
b'2548',b'3342'
b'2549',b'1985'
b'2550',b'6196'
b'2551',b'7334'
b'2552',b'6386'
b'2553',b'5637'
b'2554',b'7488'
b'2555',b'4284'
b'2556',b'5546'
b'2557',b'5913'
b'2558',b'6996'
b'2559',b'9436'
b'2560',b'2252'
b'2561',b'1415'
b'2562',b'9434'
b'2563',b'7734'
b'2564',b'1171'
b'2565',b'8283'
b'2566',b'1931'
b'2567',b'9543'
b'2568',b'1224'
b'2569',b'3973'
b'2570',b'8788'
b'2571',b'3797'
b'2572',b'7479'
b'2573',b'1267'
b'2574',b'5846'
b'2575',b'3232'
b'2576',b'8927'
b'2577',b'7335'
b'2578',b'4649'
b'2579',b'5671'
b'2580',b'2527'
b'2581',b'4181'
b'2582',b'6226'
b'2583',b'4129'
b'2584',b'6219'
b'2585',b'2889'
b'2586',b'8566'
b'2587',b'4543'
b'2588',b'9198'
b'2589',b'6231'
b'2590',b'7974'
b'2591',b'4539'
b'2592',b'6241'
b'2593',b'8371'
b'2594',b'6316'
b'2595',b'3922'
b'2596',b'9348'
b'2597',b'8332'
b'2598',b'5247'
b'2599',b'5933'
b'2600',b'4238'
b'2601',b'5148'
b'2602',b'9633'
b'2603',b'6957'
b'2604',b'9181'
b'2605',b'8761'
b'2606',b'1244'
b'2607',b'5433'
b'2608',b'8411'
b'2609',b'4219'
b'2610',b'4642'
b'2611',b'3958'
b'2612',b'7762'
b'2613',b'9236'
b'2614',b'7628'
b'2615',b'2664'
b'2616',b'8228'
b'2617',b'5262'
b'2618',b'4824'
b'2619',b'9354'
b'2620',b'8318'
b'2621',b'9668'
b'2622',b'9875'
b'2623',b'1545'
b'2624',b'2365'
b'2625',b'4243'
b'2626',b'8476'
b'2627',b'6923'
b'2628',b'1945'
b'2629',b'4215'
b'2630',b'8213'
b'2631',b'6696'
b'2632',b'2229'
b'2633',b'9599'
b'2634',b'2561'
b'2635',b'5718'
b'2636',b'4399'
b'2637',b'3254'
b'2638',b'4138'
b'2639',b'4566'
b'2640',b'1441'
b'2641',b'8287'
b'2642',b'1472'
b'2643',b'5133'
b'2644',b'7532'
b'2645',b'1518'
b'2646',b'8471'
b'2647',b'1477'
b'2648',b'7526'
b'2649',b'1241'
b'2650',b'5286'
b'2651',b'4221'
b'2652',b'8699'
b'2653',b'4779'
b'2654',b'3516'
b'2655',b'6344'
b'2656',b'8796'
b'2657',b'6225'
b'2658',b'6726'
b'2659',b'5475'
b'2660',b'3837'
b'2661',b'5486'
b'2662',b'7373'
b'2663',b'1321'
b'2664',b'3761'
b'2665',b'2697'
b'2666',b'3313'
b'2667',b'4949'
b'2668',b'7786'
b'2669',b'7977'
b'2670',b'4624'
b'2671',b'9427'
b'2672',b'1452'
b'2673',b'3917'
b'2674',b'9144'
b'2675',b'1283'
b'2676',b'2122'
b'2677',b'4357'
b'2678',b'2225'
b'2679',b'2779'
b'2680',b'3423'
b'2681',b'5328'
b'2682',b'4551'
b'2683',b'4227'
b'2684',b'6695'
b'2685',b'4616'
b'2686',b'6854'
b'2687',b'1445'
b'2688',b'2394'
b'2689',b'3863'
b'2690',b'3121'
b'2691',b'2485'
b'2692',b'9271'
b'2693',b'5948'
b'2694',b'2716'
b'2695',b'7384'
b'2696',b'8655'
b'2697',b'7669'
b'2698',b'8178'
b'2699',b'5133'
b'2700',b'2425'
b'2701',b'9343'
b'2702',b'6268'
b'2703',b'4372'
b'2704',b'1793'
b'2705',b'4497'
b'2706',b'6518'
b'2707',b'6429'
b'2708',b'3166'
b'2709',b'9315'
b'2710',b'3874'
b'2711',b'8945'
b'2712',b'8825'
b'2713',b'6882'
b'2714',b'2327'
b'2715',b'5653'
b'2716',b'6788'
b'2717',b'2497'
b'2718',b'6184'
b'2719',b'7783'
b'2720',b'1585'
b'2721',b'1741'
b'2722',b'2834'
b'2723',b'4855'
b'2724',b'2794'
b'2725',b'6353'
b'2726',b'7677'
b'2727',b'3146'
b'2728',b'1562'
b'2729',b'5636'
b'2730',b'1412'
b'2731',b'2286'
b'2732',b'3341'
b'2733',b'7359'
b'2734',b'3373'
b'2735',b'1728'
b'2736',b'8635'
b'2737',b'1522'
b'2738',b'9324'
b'2739',b'5484'
b'2740',b'6763'
b'2741',b'9722'
b'2742',b'3215'
b'2743',b'1842'
b'2744',b'9464'
b'2745',b'1714'
b'2746',b'8128'
b'2747',b'7925'
b'2748',b'3785'
b'2749',b'8778'
b'2750',b'4265'
b'2751',b'1525'
b'2752',b'7274'
b'2753',b'6645'
b'2754',b'2395'
b'2755',b'5839'
b'2756',b'3118'
b'2757',b'3676'
b'2758',b'7925'
b'2759',b'5173'
b'2760',b'8231'
b'2761',b'5961'
b'2762',b'1515'
b'2763',b'6612'
b'2764',b'9366'
b'2765',b'3322'
b'2766',b'1795'
b'2767',b'6222'
b'2768',b'2394'
b'2769',b'1667'
b'2770',b'5866'
b'2771',b'5761'
b'2772',b'3373'
b'2773',b'6362'
b'2774',b'8337'
b'2775',b'9862'
b'2776',b'6396'
b'2777',b'7452'
b'2778',b'7735'
b'2779',b'7274'
b'2780',b'5183'
b'2781',b'2654'
b'2782',b'4885'
b'2783',b'3342'
b'2784',b'9679'
b'2785',b'2386'
b'2786',b'1296'
b'2787',b'1595'
b'2788',b'3539'
b'2789',b'8644'
b'2790',b'8813'
b'2791',b'3971'
b'2792',b'4461'
b'2793',b'4674'
b'2794',b'6538'
b'2795',b'3853'
b'2796',b'7974'
b'2797',b'1424'
b'2798',b'8546'
b'2799',b'2217'
b'2800',b'7145'
b'2801',b'9555'
b'2802',b'5758'
b'2803',b'1172'
b'2804',b'6316'
b'2805',b'7895'
b'2806',b'6152'
b'2807',b'5441'
b'2808',b'5716'
b'2809',b'2279'
b'2810',b'9134'
b'2811',b'8242'
b'2812',b'1585'
b'2813',b'1683'
b'2814',b'8762'
b'2815',b'3642'
b'2816',b'1437'
b'2817',b'2524'
b'2818',b'4866'
b'2819',b'6997'
b'2820',b'7749'
b'2821',b'6815'
b'2822',b'9594'
b'2823',b'2225'
b'2824',b'9151'
b'2825',b'4765'
b'2826',b'3168'
b'2827',b'8874'
b'2828',b'9774'
b'2829',b'6363'
b'2830',b'7499'
b'2831',b'8578'
b'2832',b'5992'
b'2833',b'5125'
b'2834',b'7484'
b'2835',b'8927'
b'2836',b'2624'
b'2837',b'3816'
b'2838',b'3464'
b'2839',b'5974'
b'2840',b'9965'
b'2841',b'3156'
b'2842',b'5685'
b'2843',b'6989'
b'2844',b'7833'
b'2845',b'4166'
b'2846',b'5722'
b'2847',b'8143'
b'2848',b'6394'
b'2849',b'5642'
b'2850',b'2974'
b'2851',b'2739'
b'2852',b'8253'
b'2853',b'6916'
b'2854',b'8762'
b'2855',b'9858'
b'2856',b'5479'
b'2857',b'3588'
b'2858',b'6763'
b'2859',b'3583'
b'2860',b'2385'
b'2861',b'5862'
b'2862',b'3813'
b'2863',b'4988'
b'2864',b'9762'
b'2865',b'1332'
b'2866',b'4523'
b'2867',b'2967'
b'2868',b'9523'
b'2869',b'7912'
b'2870',b'6524'
b'2871',b'2832'
b'2872',b'9592'
b'2873',b'5211'
b'2874',b'2276'
b'2875',b'8512'
b'2876',b'8687'
b'2877',b'8994'
b'2878',b'1395'
b'2879',b'2822'
b'2880',b'5641'
b'2881',b'7419'
b'2882',b'4511'
b'2883',b'3372'
b'2884',b'9994'
b'2885',b'7668'
b'2886',b'9331'
b'2887',b'3375'
b'2888',b'8571'
b'2889',b'9754'
b'2890',b'4169'
b'2891',b'3349'
b'2892',b'2463'
b'2893',b'6155'
b'2894',b'8272'
b'2895',b'1655'
b'2896',b'6943'
b'2897',b'5165'
b'2898',b'4594'
b'2899',b'7739'
b'2900',b'2515'
b'2901',b'6438'
b'2902',b'1278'
b'2903',b'8675'
b'2904',b'6273'
b'2905',b'6426'
b'2906',b'4828'
b'2907',b'6367'
b'2908',b'9413'
b'2909',b'7659'
b'2910',b'8775'
b'2911',b'8467'
b'2912',b'7345'
b'2913',b'8545'
b'2914',b'9214'
b'2915',b'5821'
b'2916',b'4876'
b'2917',b'9348'
b'2918',b'2739'
b'2919',b'5752'
b'2920',b'5396'
b'2921',b'7155'
b'2922',b'8862'
b'2923',b'5589'
b'2924',b'1621'
b'2925',b'9844'
b'2926',b'7429'
b'2927',b'4264'
b'2928',b'2942'
b'2929',b'8629'
b'2930',b'6542'
b'2931',b'2942'
b'2932',b'5787'
b'2933',b'4385'
b'2934',b'5781'
b'2935',b'4358'
b'2936',b'2668'
b'2937',b'5861'
b'2938',b'9169'
b'2939',b'2232'
b'2940',b'9338'
b'2941',b'4878'
b'2942',b'4221'
b'2943',b'1276'
b'2944',b'9757'
b'2945',b'3327'
b'2946',b'3676'
b'2947',b'1742'
b'2948',b'8226'
b'2949',b'7756'
b'2950',b'5421'
b'2951',b'8958'
b'2952',b'6366'
b'2953',b'6532'
b'2954',b'5175'
b'2955',b'6827'
b'2956',b'7789'
b'2957',b'2152'
b'2958',b'3768'
b'2959',b'3926'
b'2960',b'5659'
b'2961',b'2785'
b'2962',b'7775'
b'2963',b'4792'
b'2964',b'8527'
b'2965',b'7554'
b'2966',b'9345'
b'2967',b'5957'
b'2968',b'4398'
b'2969',b'4972'
b'2970',b'6133'
b'2971',b'1989'
b'2972',b'6434'
b'2973',b'1525'
b'2974',b'3834'
b'2975',b'6923'
b'2976',b'4527'
b'2977',b'8373'
b'2978',b'2931'
b'2979',b'3531'
b'2980',b'3834'
b'2981',b'1264'
b'2982',b'1896'
b'2983',b'8568'
b'2984',b'6946'
b'2985',b'3149'
b'2986',b'5229'
b'2987',b'3845'
b'2988',b'3937'
b'2989',b'8139'
b'2990',b'4728'
b'2991',b'7279'
b'2992',b'5656'
b'2993',b'9353'
b'2994',b'8259'
b'2995',b'7835'
b'2996',b'5231'
b'2997',b'7895'
b'2998',b'5355'
b'2999',b'9673'
b'3000',b'1837'
b'3001',b'3457'
b'3002',b'9948'
b'3003',b'7785'
b'3004',b'9774'
b'3005',b'3496'
b'3006',b'6935'
b'3007',b'5738'
b'3008',b'8251'
b'3009',b'7159'
b'3010',b'2479'
b'3011',b'9583'
b'3012',b'1875'
b'3013',b'2336'
b'3014',b'1517'
b'3015',b'1113'
b'3016',b'5364'
b'3017',b'7385'
b'3018',b'2127'
b'3019',b'9322'
b'3020',b'4936'
b'3021',b'9427'
b'3022',b'3823'
b'3023',b'3141'
b'3024',b'2273'
b'3025',b'6388'
b'3026',b'8915'
b'3027',b'9485'
b'3028',b'5141'
b'3029',b'9427'
b'3030',b'2527'
b'3031',b'8142'
b'3032',b'8974'
b'3033',b'8521'
b'3034',b'6149'
b'3035',b'5225'
b'3036',b'3335'
b'3037',b'1621'
b'3038',b'5955'
b'3039',b'6522'
b'3040',b'8742'
b'3041',b'2395'
b'3042',b'5943'
b'3043',b'1734'
b'3044',b'9981'
b'3045',b'3275'
b'3046',b'5333'
b'3047',b'4671'
b'3048',b'7517'
b'3049',b'3937'
b'3050',b'7628'
b'3051',b'6659'
b'3052',b'2744'
b'3053',b'2679'
b'3054',b'7698'
b'3055',b'1567'
b'3056',b'2933'
b'3057',b'1113'
b'3058',b'4919'
b'3059',b'3422'
b'3060',b'4992'
b'3061',b'5728'
b'3062',b'4547'
b'3063',b'7248'
b'3064',b'1662'
b'3065',b'6321'
b'3066',b'1322'
b'3067',b'9344'
b'3068',b'1397'
b'3069',b'2531'
b'3070',b'1938'
b'3071',b'4963'
b'3072',b'9655'
b'3073',b'3135'
b'3074',b'6598'
b'3075',b'3583'
b'3076',b'9222'
b'3077',b'3771'
b'3078',b'8338'
b'3079',b'9761'
b'3080',b'3351'
b'3081',b'6164'
b'3082',b'7126'
b'3083',b'2541'
b'3084',b'5726'
b'3085',b'9933'
b'3086',b'4813'
b'3087',b'3564'
b'3088',b'9384'
b'3089',b'2754'
b'3090',b'8288'
b'3091',b'5985'
b'3092',b'7677'
b'3093',b'3759'
b'3094',b'3111'
b'3095',b'1191'
b'3096',b'6664'
b'3097',b'6532'
b'3098',b'4536'
b'3099',b'8266'
b'3100',b'6718'
b'3101',b'4542'
b'3102',b'3175'
b'3103',b'2973'
b'3104',b'6736'
b'3105',b'2816'
b'3106',b'6591'
b'3107',b'3294'
b'3108',b'2267'
b'3109',b'2672'
b'3110',b'6956'
b'3111',b'1313'
b'3112',b'6436'
b'3113',b'9345'
b'3114',b'6277'
b'3115',b'5553'
b'3116',b'7953'
b'3117',b'7896'
b'3118',b'9171'
b'3119',b'8969'
b'3120',b'5823'
b'3121',b'9781'
b'3122',b'7949'
b'3123',b'8765'
b'3124',b'7648'
b'3125',b'8552'
b'3126',b'6777'
b'3127',b'5654'
b'3128',b'3784'
b'3129',b'4361'
b'3130',b'3342'
b'3131',b'5847'
b'3132',b'8938'
b'3133',b'7918'
b'3134',b'6372'
b'3135',b'5345'
b'3136',b'6762'
b'3137',b'3335'
b'3138',b'5585'
b'3139',b'9536'
b'3140',b'6757'
b'3141',b'7361'
b'3142',b'9245'
b'3143',b'8866'
b'3144',b'1638'
b'3145',b'3228'
b'3146',b'8658'
b'3147',b'9786'
b'3148',b'1638'
b'3149',b'5457'
b'3150',b'3498'
b'3151',b'4136'
b'3152',b'7474'
b'3153',b'3355'
b'3154',b'7246'
b'3155',b'6577'
b'3156',b'3943'
b'3157',b'5369'
b'3158',b'3225'
b'3159',b'9367'
b'3160',b'8985'
b'3161',b'9562'
b'3162',b'1557'
b'3163',b'1452'
b'3164',b'6672'
b'3165',b'7681'
b'3166',b'8414'
b'3167',b'9627'
b'3168',b'4517'
b'3169',b'1412'
b'3170',b'6416'
b'3171',b'3227'
b'3172',b'2543'
b'3173',b'1454'
b'3174',b'3133'
b'3175',b'9957'
b'3176',b'7357'
b'3177',b'4667'
b'3178',b'7426'
b'3179',b'6444'
b'3180',b'2633'
b'3181',b'1672'
b'3182',b'7965'
b'3183',b'9925'
b'3184',b'4259'
b'3185',b'9255'
b'3186',b'5438'
b'3187',b'6833'
b'3188',b'3276'
b'3189',b'2482'
b'3190',b'3779'
b'3191',b'9236'
b'3192',b'2763'
b'3193',b'2595'
b'3194',b'8625'
b'3195',b'3798'
b'3196',b'7593'
b'3197',b'1259'
b'3198',b'4499'
b'3199',b'7587'
b'3200',b'8398'
b'3201',b'1624'
b'3202',b'4669'
b'3203',b'2211'
b'3204',b'2952'
b'3205',b'2728'
b'3206',b'7923'
b'3207',b'4466'
b'3208',b'7533'
b'3209',b'6756'
b'3210',b'4923'
b'3211',b'4857'
b'3212',b'6158'
b'3213',b'4275'
b'3214',b'7674'
b'3215',b'3151'
b'3216',b'7861'
b'3217',b'7524'
b'3218',b'9457'
b'3219',b'8451'
b'3220',b'4683'
b'3221',b'6347'
b'3222',b'1666'
b'3223',b'6596'
b'3224',b'1748'
b'3225',b'1511'
b'3226',b'1799'
b'3227',b'5713'
b'3228',b'1139'
b'3229',b'9338'
b'3230',b'8491'
b'3231',b'2954'
b'3232',b'5516'
b'3233',b'8254'
b'3234',b'5373'
b'3235',b'9377'
b'3236',b'9533'
b'3237',b'3888'
b'3238',b'3856'
b'3239',b'4829'
b'3240',b'2756'
b'3241',b'4477'
b'3242',b'9819'
b'3243',b'5576'
b'3244',b'6275'
b'3245',b'9436'
b'3246',b'5383'
b'3247',b'6881'
b'3248',b'4379'
b'3249',b'2121'
b'3250',b'9471'
b'3251',b'5474'
b'3252',b'3269'
b'3253',b'1748'
b'3254',b'7131'
b'3255',b'2947'
b'3256',b'4726'
b'3257',b'7643'
b'3258',b'6434'
b'3259',b'6911'
b'3260',b'9985'
b'3261',b'8592'
b'3262',b'5881'
b'3263',b'7697'
b'3264',b'2728'
b'3265',b'9436'
b'3266',b'7987'
b'3267',b'9728'
b'3268',b'3265'
b'3269',b'7156'
b'3270',b'3649'
b'3271',b'3569'
b'3272',b'8552'
b'3273',b'7451'
b'3274',b'5519'
b'3275',b'3158'
b'3276',b'8266'
b'3277',b'1685'
b'3278',b'8867'
b'3279',b'3867'
b'3280',b'8184'
b'3281',b'6199'
b'3282',b'5549'
b'3283',b'7881'
b'3284',b'9465'
b'3285',b'8385'
b'3286',b'5394'
b'3287',b'7121'
b'3288',b'8435'
b'3289',b'7689'
b'3290',b'5684'
b'3291',b'8865'
b'3292',b'5887'
b'3293',b'4159'
b'3294',b'5458'
b'3295',b'2918'
b'3296',b'6485'
b'3297',b'2169'
b'3298',b'5764'
b'3299',b'2177'
b'3300',b'1788'
b'3301',b'4234'
b'3302',b'5253'
b'3303',b'9732'
b'3304',b'6253'
b'3305',b'2178'
b'3306',b'5396'
b'3307',b'8427'
b'3308',b'4376'
b'3309',b'5563'
b'3310',b'5815'
b'3311',b'7432'
b'3312',b'9321'
b'3313',b'5456'
b'3314',b'5894'
b'3315',b'7123'
b'3316',b'2547'
b'3317',b'2331'
b'3318',b'7963'
b'3319',b'1646'
b'3320',b'1474'
b'3321',b'6279'
b'3322',b'2128'
b'3323',b'6786'
b'3324',b'9317'
b'3325',b'7419'
b'3326',b'9513'
b'3327',b'5624'
b'3328',b'8835'
b'3329',b'3936'
b'3330',b'2294'
b'3331',b'9351'
b'3332',b'5431'
b'3333',b'6237'
b'3334',b'9694'
b'3335',b'3327'
b'3336',b'2574'
b'3337',b'1993'
b'3338',b'8659'
b'3339',b'1226'
b'3340',b'1273'
b'3341',b'5258'
b'3342',b'5579'
b'3343',b'3465'
b'3344',b'9515'
b'3345',b'3831'
b'3346',b'5933'
b'3347',b'7196'
b'3348',b'2262'
b'3349',b'2957'
b'3350',b'5676'
b'3351',b'8855'
b'3352',b'9778'
b'3353',b'3765'
b'3354',b'7278'
b'3355',b'9438'
b'3356',b'2819'
b'3357',b'1916'
b'3358',b'7218'
b'3359',b'4381'
b'3360',b'7589'
b'3361',b'1857'
b'3362',b'1427'
b'3363',b'2596'
b'3364',b'5124'
b'3365',b'8899'
b'3366',b'4348'
b'3367',b'8266'
b'3368',b'4389'
b'3369',b'7126'
b'3370',b'2547'
b'3371',b'2114'
b'3372',b'7344'
b'3373',b'9625'
b'3374',b'4433'
b'3375',b'7232'
b'3376',b'7994'
b'3377',b'5521'
b'3378',b'9769'
b'3379',b'4722'
b'3380',b'9568'
b'3381',b'4938'
b'3382',b'9758'
b'3383',b'4175'
b'3384',b'7887'
b'3385',b'9193'
b'3386',b'6671'
b'3387',b'1622'
b'3388',b'6718'
b'3389',b'8961'
b'3390',b'4832'
b'3391',b'2566'
b'3392',b'8574'
b'3393',b'2974'
b'3394',b'7673'
b'3395',b'6317'
b'3396',b'5233'
b'3397',b'4822'
b'3398',b'6551'
b'3399',b'3992'
b'3400',b'5755'
b'3401',b'6855'
b'3402',b'8856'
b'3403',b'2824'
b'3404',b'6141'
b'3405',b'7768'
b'3406',b'5669'
b'3407',b'8929'
b'3408',b'5987'
b'3409',b'3961'
b'3410',b'3343'
b'3411',b'5598'
b'3412',b'3867'
b'3413',b'8456'
b'3414',b'6431'
b'3415',b'1911'
b'3416',b'7245'
b'3417',b'7232'
b'3418',b'9674'
b'3419',b'5198'
b'3420',b'9277'
b'3421',b'6651'
b'3422',b'4268'
b'3423',b'9945'
b'3424',b'5112'
b'3425',b'4437'
b'3426',b'9861'
b'3427',b'5671'
b'3428',b'4272'
b'3429',b'2329'
b'3430',b'2173'
b'3431',b'4848'
b'3432',b'3155'
b'3433',b'3688'
b'3434',b'2197'
b'3435',b'4623'
b'3436',b'3663'
b'3437',b'6369'
b'3438',b'2781'
b'3439',b'9536'
b'3440',b'4148'
b'3441',b'9625'
b'3442',b'5798'
b'3443',b'7536'
b'3444',b'3959'
b'3445',b'9687'
b'3446',b'6415'
b'3447',b'7376'
b'3448',b'9336'
b'3449',b'8292'
b'3450',b'7959'
b'3451',b'9166'
b'3452',b'9974'
b'3453',b'6198'
b'3454',b'5264'
b'3455',b'5524'
b'3456',b'9524'
b'3457',b'7813'
b'3458',b'1326'
b'3459',b'2644'
b'3460',b'5949'
b'3461',b'7986'
b'3462',b'6767'
b'3463',b'4523'
b'3464',b'5936'
b'3465',b'6161'
b'3466',b'6456'
b'3467',b'5741'
b'3468',b'6337'
b'3469',b'8852'
b'3470',b'7398'
b'3471',b'9687'
b'3472',b'2296'
b'3473',b'3229'
b'3474',b'1957'
b'3475',b'5265'
b'3476',b'7787'
b'3477',b'3348'
b'3478',b'7989'
b'3479',b'2578'
b'3480',b'4838'
b'3481',b'7656'
b'3482',b'7722'
b'3483',b'5843'
b'3484',b'6176'
b'3485',b'4557'
b'3486',b'5217'
b'3487',b'5398'
b'3488',b'2398'
b'3489',b'5332'
b'3490',b'4791'
b'3491',b'2964'
b'3492',b'3111'
b'3493',b'4983'
b'3494',b'3965'
b'3495',b'8472'
b'3496',b'4824'
b'3497',b'3438'
b'3498',b'2945'
b'3499',b'1636'
b'3500',b'6516'
b'3501',b'8934'
b'3502',b'5124'
b'3503',b'7254'
b'3504',b'1273'
b'3505',b'8895'
b'3506',b'2324'
b'3507',b'9649'
b'3508',b'3942'
b'3509',b'7352'
b'3510',b'5579'
b'3511',b'2814'
b'3512',b'9257'
b'3513',b'1953'
b'3514',b'5327'
b'3515',b'8125'
b'3516',b'7491'
b'3517',b'2153'
b'3518',b'3553'
b'3519',b'4735'
b'3520',b'8822'
b'3521',b'6751'
b'3522',b'9486'
b'3523',b'2177'
b'3524',b'3751'
b'3525',b'3322'
b'3526',b'2846'
b'3527',b'7874'
b'3528',b'3274'
b'3529',b'7267'
b'3530',b'7527'
b'3531',b'7522'
b'3532',b'4972'
b'3533',b'1239'
b'3534',b'2698'
b'3535',b'9175'
b'3536',b'7485'
b'3537',b'2326'
b'3538',b'4665'
b'3539',b'9112'
b'3540',b'5767'
b'3541',b'8487'
b'3542',b'8299'
b'3543',b'8284'
b'3544',b'5954'
b'3545',b'6514'
b'3546',b'7646'
b'3547',b'3369'
b'3548',b'1283'
b'3549',b'7924'
b'3550',b'6962'
b'3551',b'9186'
b'3552',b'6348'
b'3553',b'6676'
b'3554',b'1233'
b'3555',b'5751'
b'3556',b'1475'
b'3557',b'6711'
b'3558',b'6218'
b'3559',b'2523'
b'3560',b'3658'
b'3561',b'6629'
b'3562',b'3988'
b'3563',b'2891'
b'3564',b'3836'
b'3565',b'8293'
b'3566',b'7356'
b'3567',b'6334'
b'3568',b'7668'
b'3569',b'9647'
b'3570',b'6477'
b'3571',b'2746'
b'3572',b'1524'
b'3573',b'2523'
b'3574',b'8661'
b'3575',b'6925'
b'3576',b'4383'
b'3577',b'8717'
b'3578',b'2386'
b'3579',b'2871'
b'3580',b'7886'
b'3581',b'2221'
b'3582',b'6541'
b'3583',b'5196'
b'3584',b'9441'
b'3585',b'5471'
b'3586',b'1881'
b'3587',b'6953'
b'3588',b'7975'
b'3589',b'4446'
b'3590',b'3793'
b'3591',b'7657'
b'3592',b'7469'
b'3593',b'7287'
b'3594',b'6465'
b'3595',b'9997'
b'3596',b'2755'
b'3597',b'9775'
b'3598',b'8252'
b'3599',b'2766'
b'3600',b'2337'
b'3601',b'9959'
b'3602',b'8378'
b'3603',b'8545'
b'3604',b'5585'
b'3605',b'3426'
b'3606',b'7535'
b'3607',b'5548'
b'3608',b'9256'
b'3609',b'8811'
b'3610',b'9143'
b'3611',b'3667'
b'3612',b'9974'
b'3613',b'1337'
b'3614',b'3962'
b'3615',b'6813'
b'3616',b'1375'
b'3617',b'7332'
b'3618',b'4463'
b'3619',b'1721'
b'3620',b'3197'
b'3621',b'8167'
b'3622',b'6461'
b'3623',b'8661'
b'3624',b'5981'
b'3625',b'8654'
b'3626',b'7637'
b'3627',b'2992'
b'3628',b'8921'
b'3629',b'9429'
b'3630',b'1653'
b'3631',b'9843'
b'3632',b'8518'
b'3633',b'3549'
b'3634',b'9569'
b'3635',b'2972'
b'3636',b'1343'
b'3637',b'5348'
b'3638',b'9314'
b'3639',b'1481'
b'3640',b'9537'
b'3641',b'7791'
b'3642',b'3687'
b'3643',b'9626'
b'3644',b'2872'
b'3645',b'4316'
b'3646',b'1557'
b'3647',b'2368'
b'3648',b'2512'
b'3649',b'6374'
b'3650',b'5874'
b'3651',b'9621'
b'3652',b'9649'
b'3653',b'9277'
b'3654',b'7663'
b'3655',b'9211'
b'3656',b'6283'
b'3657',b'8747'
b'3658',b'9523'
b'3659',b'6854'
b'3660',b'6227'
b'3661',b'4344'
b'3662',b'3521'
b'3663',b'4168'
b'3664',b'6292'
b'3665',b'8673'
b'3666',b'3182'
b'3667',b'4949'
b'3668',b'6632'
b'3669',b'5555'
b'3670',b'4943'
b'3671',b'4938'
b'3672',b'3911'
b'3673',b'4484'
b'3674',b'4891'
b'3675',b'1266'
b'3676',b'5771'
b'3677',b'7666'
b'3678',b'1968'
b'3679',b'3389'
b'3680',b'1949'
b'3681',b'9233'
b'3682',b'7157'
b'3683',b'6322'
b'3684',b'5988'
b'3685',b'5645'
b'3686',b'3328'
b'3687',b'1766'
b'3688',b'3366'
b'3689',b'4152'
b'3690',b'5953'
b'3691',b'1193'
b'3692',b'1858'
b'3693',b'8441'
b'3694',b'8374'
b'3695',b'2884'
b'3696',b'3983'
b'3697',b'3791'
b'3698',b'7756'
b'3699',b'9725'
b'3700',b'8125'
b'3701',b'6297'
b'3702',b'2288'
b'3703',b'9845'
b'3704',b'7497'
b'3705',b'7395'
b'3706',b'7364'
b'3707',b'2877'
b'3708',b'6784'
b'3709',b'2453'
b'3710',b'2212'
b'3711',b'6799'
b'3712',b'9416'
b'3713',b'9561'
b'3714',b'4253'
b'3715',b'1663'
b'3716',b'1772'
b'3717',b'8759'
b'3718',b'5922'
b'3719',b'5853'
b'3720',b'7335'
b'3721',b'5879'
b'3722',b'2654'
b'3723',b'8575'
b'3724',b'9211'
b'3725',b'2796'
b'3726',b'7746'
b'3727',b'4669'
b'3728',b'2138'
b'3729',b'7393'
b'3730',b'7783'
b'3731',b'8616'
b'3732',b'4216'
b'3733',b'8638'
b'3734',b'2148'
b'3735',b'5916'
b'3736',b'9649'
b'3737',b'2679'
b'3738',b'5656'
b'3739',b'8278'
b'3740',b'7795'
b'3741',b'8724'
b'3742',b'4748'
b'3743',b'6556'
b'3744',b'1321'
b'3745',b'2866'
b'3746',b'3226'
b'3747',b'7388'
b'3748',b'4184'
b'3749',b'6786'
b'3750',b'5244'
b'3751',b'4938'
b'3752',b'3841'
b'3753',b'8799'
b'3754',b'6421'
b'3755',b'3342'
b'3756',b'4958'
b'3757',b'5873'
b'3758',b'3853'
b'3759',b'1321'
b'3760',b'5329'
b'3761',b'3372'
b'3762',b'8548'
b'3763',b'3743'
b'3764',b'3365'
b'3765',b'9613'
b'3766',b'8386'
b'3767',b'6766'
b'3768',b'5768'
b'3769',b'6986'
b'3770',b'5492'
b'3771',b'9571'
b'3772',b'8425'
b'3773',b'4198'
b'3774',b'8954'
b'3775',b'7167'
b'3776',b'8783'
b'3777',b'8486'
b'3778',b'5263'
b'3779',b'9234'
b'3780',b'2932'
b'3781',b'1225'
b'3782',b'1387'
b'3783',b'5211'
b'3784',b'9992'
b'3785',b'2543'
b'3786',b'7274'
b'3787',b'8446'
b'3788',b'9219'
b'3789',b'5821'
b'3790',b'8742'
b'3791',b'7929'
b'3792',b'8795'
b'3793',b'8268'
b'3794',b'5612'
b'3795',b'5944'
b'3796',b'5152'
b'3797',b'8439'
b'3798',b'7634'
b'3799',b'8379'
b'3800',b'6655'
b'3801',b'5287'
b'3802',b'3143'
b'3803',b'7514'
b'3804',b'8562'
b'3805',b'4354'
b'3806',b'5745'
b'3807',b'1589'
b'3808',b'8991'
b'3809',b'3797'
b'3810',b'2352'
b'3811',b'5181'
b'3812',b'7672'
b'3813',b'9233'
b'3814',b'7984'
b'3815',b'4596'
b'3816',b'4484'
b'3817',b'3661'
b'3818',b'8397'
b'3819',b'7645'
b'3820',b'4685'
b'3821',b'8445'
b'3822',b'6622'
b'3823',b'3889'
b'3824',b'2544'
b'3825',b'2257'
b'3826',b'5114'
b'3827',b'4636'
b'3828',b'4814'
b'3829',b'6463'
b'3830',b'6536'
b'3831',b'9189'
b'3832',b'4627'
b'3833',b'9475'
b'3834',b'2766'
b'3835',b'1585'
b'3836',b'3194'
b'3837',b'5257'
b'3838',b'4366'
b'3839',b'4517'
b'3840',b'4579'
b'3841',b'9643'
b'3842',b'1158'
b'3843',b'6387'
b'3844',b'4894'
b'3845',b'8324'
b'3846',b'6116'
b'3847',b'5399'
b'3848',b'1548'
b'3849',b'6787'
b'3850',b'5592'
b'3851',b'1733'
b'3852',b'6465'
b'3853',b'6898'
b'3854',b'3929'
b'3855',b'4464'
b'3856',b'6791'
b'3857',b'1243'
b'3858',b'2152'
b'3859',b'7188'
b'3860',b'1769'
b'3861',b'4769'
b'3862',b'8744'
b'3863',b'7559'
b'3864',b'8721'
b'3865',b'4867'
b'3866',b'4767'
b'3867',b'7332'
b'3868',b'3824'
b'3869',b'7492'
b'3870',b'5766'
b'3871',b'3314'
b'3872',b'4376'
b'3873',b'8418'
b'3874',b'6176'
b'3875',b'7233'
b'3876',b'3674'
b'3877',b'7624'
b'3878',b'3658'
b'3879',b'4363'
b'3880',b'3474'
b'3881',b'9855'
b'3882',b'6534'
b'3883',b'6711'
b'3884',b'4373'
b'3885',b'4769'
b'3886',b'9659'
b'3887',b'9422'
b'3888',b'5415'
b'3889',b'9954'
b'3890',b'7771'
b'3891',b'8654'
b'3892',b'7638'
b'3893',b'7746'
b'3894',b'3245'
b'3895',b'3533'
b'3896',b'3393'
b'3897',b'4747'
b'3898',b'8462'
b'3899',b'2121'
b'3900',b'2385'
b'3901',b'4276'
b'3902',b'3531'
b'3903',b'7424'
b'3904',b'4967'
b'3905',b'4378'
b'3906',b'9595'
b'3907',b'3576'
b'3908',b'8215'
b'3909',b'3653'
b'3910',b'2957'
b'3911',b'4148'
b'3912',b'6271'
b'3913',b'6753'
b'3914',b'7418'
b'3915',b'1654'
b'3916',b'1711'
b'3917',b'7788'
b'3918',b'5876'
b'3919',b'3397'
b'3920',b'4214'
b'3921',b'7119'
b'3922',b'5442'
b'3923',b'2766'
b'3924',b'1867'
b'3925',b'6258'
b'3926',b'8649'
b'3927',b'2254'
b'3928',b'4498'
b'3929',b'9298'
b'3930',b'6988'
b'3931',b'6551'
b'3932',b'8177'
b'3933',b'7649'
b'3934',b'8723'
b'3935',b'6949'
b'3936',b'3498'
b'3937',b'8315'
b'3938',b'1649'
b'3939',b'6715'
b'3940',b'3186'
b'3941',b'5842'
b'3942',b'5992'
b'3943',b'2474'
b'3944',b'4793'
b'3945',b'1542'
b'3946',b'1285'
b'3947',b'9499'
b'3948',b'7197'
b'3949',b'8132'
b'3950',b'3739'
b'3951',b'5372'
b'3952',b'3262'
b'3953',b'8824'
b'3954',b'3678'
b'3955',b'2863'
b'3956',b'6853'
b'3957',b'5612'
b'3958',b'8826'
b'3959',b'8827'
b'3960',b'2466'
b'3961',b'6793'
b'3962',b'6584'
b'3963',b'1687'
b'3964',b'4941'
b'3965',b'3357'
b'3966',b'4211'
b'3967',b'7894'
b'3968',b'2447'
b'3969',b'8836'
b'3970',b'6483'
b'3971',b'4141'
b'3972',b'6811'
b'3973',b'7914'
b'3974',b'4973'
b'3975',b'5891'
b'3976',b'2696'
b'3977',b'5454'
b'3978',b'5592'
b'3979',b'2822'
b'3980',b'8231'
b'3981',b'7576'
b'3982',b'5411'
b'3983',b'1732'
b'3984',b'1841'
b'3985',b'1725'
b'3986',b'3354'
b'3987',b'1152'
b'3988',b'5155'
b'3989',b'4772'
b'3990',b'9316'
b'3991',b'2429'
b'3992',b'9897'
b'3993',b'1231'
b'3994',b'4951'
b'3995',b'6928'
b'3996',b'1226'
b'3997',b'9852'
b'3998',b'6995'
b'3999',b'3564'
b'4000',b'2896'
b'4001',b'5736'
b'4002',b'5297'
b'4003',b'7193'
b'4004',b'7656'
b'4005',b'7215'
b'4006',b'3669'
b'4007',b'8939'
b'4008',b'1996'
b'4009',b'1299'
b'4010',b'6276'
b'4011',b'8434'
b'4012',b'9339'
b'4013',b'5262'
b'4014',b'3635'
b'4015',b'4448'
b'4016',b'7184'
b'4017',b'3331'
b'4018',b'2932'
b'4019',b'2539'
b'4020',b'9279'
b'4021',b'5172'
b'4022',b'6271'
b'4023',b'3229'
b'4024',b'1999'
b'4025',b'3294'
b'4026',b'1694'
b'4027',b'1846'
b'4028',b'3475'
b'4029',b'3491'
b'4030',b'3775'
b'4031',b'3149'
b'4032',b'3741'
b'4033',b'8797'
b'4034',b'4114'
b'4035',b'6262'
b'4036',b'8188'
b'4037',b'4397'
b'4038',b'7353'
b'4039',b'7591'
b'4040',b'4569'
b'4041',b'6847'
b'4042',b'5769'
b'4043',b'5822'
b'4044',b'3795'
b'4045',b'1311'
b'4046',b'2884'
b'4047',b'4799'
b'4048',b'6549'
b'4049',b'5896'
b'4050',b'4327'
b'4051',b'2786'
b'4052',b'8731'
b'4053',b'1358'
b'4054',b'9189'
b'4055',b'1599'
b'4056',b'9888'
b'4057',b'9352'
b'4058',b'2144'
b'4059',b'8241'
b'4060',b'3357'
b'4061',b'5134'
b'4062',b'5376'
b'4063',b'7433'
b'4064',b'6911'
b'4065',b'4958'
b'4066',b'2441'
b'4067',b'6724'
b'4068',b'8896'
b'4069',b'3221'
b'4070',b'8992'
b'4071',b'6541'
b'4072',b'9947'
b'4073',b'6792'
b'4074',b'9569'
b'4075',b'2943'
b'4076',b'1947'
b'4077',b'5346'
b'4078',b'5282'
b'4079',b'6975'
b'4080',b'1739'
b'4081',b'5172'
b'4082',b'8376'
b'4083',b'3113'
b'4084',b'5384'
b'4085',b'3184'
b'4086',b'3984'
b'4087',b'9262'
b'4088',b'3934'
b'4089',b'4742'
b'4090',b'7625'
b'4091',b'9265'
b'4092',b'2527'
b'4093',b'1943'
b'4094',b'4269'
b'4095',b'9756'
b'4096',b'7817'
b'4097',b'6466'
b'4098',b'6733'
b'4099',b'5157'
b'4100',b'5176'
b'4101',b'9914'
b'4102',b'5617'
b'4103',b'4152'
b'4104',b'7922'
b'4105',b'4794'
b'4106',b'3828'
b'4107',b'5241'
b'4108',b'2537'
b'4109',b'5388'
b'4110',b'2478'
b'4111',b'6834'
b'4112',b'6928'
b'4113',b'1954'
b'4114',b'1488'
b'4115',b'2487'
b'4116',b'9153'
b'4117',b'3411'
b'4118',b'8379'
b'4119',b'5888'
b'4120',b'4996'
b'4121',b'8962'
b'4122',b'6113'
b'4123',b'7847'
b'4124',b'3879'
b'4125',b'5812'
b'4126',b'9728'
b'4127',b'4752'
b'4128',b'5237'
b'4129',b'9735'
b'4130',b'4793'
b'4131',b'3868'
b'4132',b'8437'
b'4133',b'3789'
b'4134',b'1925'
b'4135',b'5524'
b'4136',b'1224'
b'4137',b'4856'
b'4138',b'2419'
b'4139',b'6695'
b'4140',b'9544'
b'4141',b'5737'
b'4142',b'5553'
b'4143',b'5464'
b'4144',b'3367'
b'4145',b'9223'
b'4146',b'7824'
b'4147',b'2445'
b'4148',b'8764'
b'4149',b'3877'
b'4150',b'9211'
b'4151',b'4899'
b'4152',b'3179'
b'4153',b'3936'
b'4154',b'7966'
b'4155',b'8469'
b'4156',b'5277'
b'4157',b'8267'
b'4158',b'1481'
b'4159',b'4662'
b'4160',b'9837'
b'4161',b'4638'
b'4162',b'1333'
b'4163',b'7559'
b'4164',b'2756'
b'4165',b'3946'
b'4166',b'2372'
b'4167',b'4335'
b'4168',b'8762'
b'4169',b'2773'
b'4170',b'7553'
b'4171',b'5536'
b'4172',b'1227'
b'4173',b'9998'
b'4174',b'7813'
b'4175',b'1783'
b'4176',b'6765'
b'4177',b'6923'
b'4178',b'6987'
b'4179',b'7256'
b'4180',b'2278'
b'4181',b'8673'
b'4182',b'8331'
b'4183',b'2913'
b'4184',b'2714'
b'4185',b'4667'
b'4186',b'6818'
b'4187',b'7358'
b'4188',b'4628'
b'4189',b'4278'
b'4190',b'8628'
b'4191',b'3635'
b'4192',b'4688'
b'4193',b'2952'
b'4194',b'9721'
b'4195',b'7177'
b'4196',b'9331'
b'4197',b'1611'
b'4198',b'7659'
b'4199',b'4961'
b'4200',b'9888'
b'4201',b'1526'
b'4202',b'2174'
b'4203',b'2164'
b'4204',b'3263'
b'4205',b'7537'
b'4206',b'6534'
b'4207',b'4661'
b'4208',b'1641'
b'4209',b'9826'
b'4210',b'3323'
b'4211',b'5432'
b'4212',b'3864'
b'4213',b'6623'
b'4214',b'8885'
b'4215',b'7511'
b'4216',b'1886'
b'4217',b'3267'
b'4218',b'8259'
b'4219',b'4395'
b'4220',b'7979'
b'4221',b'1974'
b'4222',b'9468'
b'4223',b'2657'
b'4224',b'9349'
b'4225',b'2738'
b'4226',b'7586'
b'4227',b'7745'
b'4228',b'4559'
b'4229',b'9716'
b'4230',b'8176'
b'4231',b'5775'
b'4232',b'7964'
b'4233',b'6438'
b'4234',b'9113'
b'4235',b'6916'
b'4236',b'4623'
b'4237',b'9957'
b'4238',b'3244'
b'4239',b'6789'
b'4240',b'8884'
b'4241',b'7174'
b'4242',b'2778'
b'4243',b'8149'
b'4244',b'5876'
b'4245',b'5593'
b'4246',b'9644'
b'4247',b'2774'
b'4248',b'9977'
b'4249',b'2287'
b'4250',b'5631'
b'4251',b'2864'
b'4252',b'2868'
b'4253',b'8231'
b'4254',b'5757'
b'4255',b'9826'
b'4256',b'2635'
b'4257',b'9143'
b'4258',b'9487'
b'4259',b'1257'
b'4260',b'5436'
b'4261',b'7598'
b'4262',b'8512'
b'4263',b'9538'
b'4264',b'6353'
b'4265',b'1658'
b'4266',b'9711'
b'4267',b'3793'
b'4268',b'6573'
b'4269',b'7669'
b'4270',b'9932'
b'4271',b'5898'
b'4272',b'1314'
b'4273',b'2742'
b'4274',b'3667'
b'4275',b'5473'
b'4276',b'2924'
b'4277',b'3986'
b'4278',b'8153'
b'4279',b'1987'
b'4280',b'6432'
b'4281',b'8263'
b'4282',b'2625'
b'4283',b'8711'
b'4284',b'7198'
b'4285',b'3552'
b'4286',b'7165'
b'4287',b'1244'
b'4288',b'2778'
b'4289',b'9239'
b'4290',b'9732'
b'4291',b'7755'
b'4292',b'7491'
b'4293',b'2837'
b'4294',b'6259'
b'4295',b'3549'
b'4296',b'7826'
b'4297',b'4175'
b'4298',b'7327'
b'4299',b'6141'
b'4300',b'6148'
b'4301',b'3627'
b'4302',b'3716'
b'4303',b'8587'
b'4304',b'2564'
b'4305',b'5421'
b'4306',b'4225'
b'4307',b'3978'
b'4308',b'5745'
b'4309',b'2745'
b'4310',b'5664'
b'4311',b'2426'
b'4312',b'9612'
b'4313',b'9263'
b'4314',b'3618'
b'4315',b'8921'
b'4316',b'1744'
b'4317',b'8982'
b'4318',b'1866'
b'4319',b'7274'
b'4320',b'7964'
b'4321',b'5397'
b'4322',b'2938'
b'4323',b'8537'
b'4324',b'5974'
b'4325',b'1712'
b'4326',b'3964'
b'4327',b'7743'
b'4328',b'5327'
b'4329',b'7281'
b'4330',b'8721'
b'4331',b'6946'
b'4332',b'4951'
b'4333',b'8823'
b'4334',b'5253'
b'4335',b'6681'
b'4336',b'9924'
b'4337',b'1348'
b'4338',b'6599'
b'4339',b'4111'
b'4340',b'1758'
b'4341',b'8331'
b'4342',b'9553'
b'4343',b'8965'
b'4344',b'3575'
b'4345',b'2112'
b'4346',b'2775'
b'4347',b'4991'
b'4348',b'8999'
b'4349',b'5464'
b'4350',b'6888'
b'4351',b'3918'
b'4352',b'6467'
b'4353',b'9589'
b'4354',b'6226'
b'4355',b'9786'
b'4356',b'9785'
b'4357',b'1644'
b'4358',b'9343'
b'4359',b'4747'
b'4360',b'7211'
b'4361',b'8468'
b'4362',b'3598'
b'4363',b'8844'
b'4364',b'2138'
b'4365',b'9699'
b'4366',b'2914'
b'4367',b'3114'
b'4368',b'4799'
b'4369',b'3652'
b'4370',b'3161'
b'4371',b'6889'
b'4372',b'1616'
b'4373',b'7721'
b'4374',b'4294'
b'4375',b'1391'
b'4376',b'5154'
b'4377',b'5291'
b'4378',b'9491'
b'4379',b'1484'
b'4380',b'7551'
b'4381',b'5578'
b'4382',b'4683'
b'4383',b'1344'
b'4384',b'6754'
b'4385',b'8774'
b'4386',b'9398'
b'4387',b'5116'
b'4388',b'4172'
b'4389',b'6594'
b'4390',b'9955'
b'4391',b'6254'
b'4392',b'3589'
b'4393',b'5392'
b'4394',b'4567'
b'4395',b'4898'
b'4396',b'6875'
b'4397',b'2171'
b'4398',b'2627'
b'4399',b'2569'
b'4400',b'4195'
b'4401',b'2457'
b'4402',b'3262'
b'4403',b'4891'
b'4404',b'2269'
b'4405',b'7258'
b'4406',b'9622'
b'4407',b'3546'
b'4408',b'3991'
b'4409',b'2733'
b'4410',b'8166'
b'4411',b'4814'
b'4412',b'4975'
b'4413',b'8257'
b'4414',b'8825'
b'4415',b'3158'
b'4416',b'3446'
b'4417',b'1164'
b'4418',b'4393'
b'4419',b'4389'
b'4420',b'5712'
b'4421',b'4792'
b'4422',b'2947'
b'4423',b'4211'
b'4424',b'5787'
b'4425',b'5966'
b'4426',b'8455'
b'4427',b'6148'
b'4428',b'5322'
b'4429',b'6716'
b'4430',b'1542'
b'4431',b'9186'
b'4432',b'3397'
b'4433',b'4567'
b'4434',b'9997'
b'4435',b'1475'
b'4436',b'7849'
b'4437',b'9461'
b'4438',b'9987'
b'4439',b'1694'
b'4440',b'8315'
b'4441',b'2441'
b'4442',b'3281'
b'4443',b'8129'
b'4444',b'2576'
b'4445',b'5544'
b'4446',b'4174'
b'4447',b'8949'
b'4448',b'3317'
b'4449',b'3545'
b'4450',b'5736'
b'4451',b'7541'
b'4452',b'1677'
b'4453',b'8455'
b'4454',b'6252'
b'4455',b'3855'
b'4456',b'9452'
b'4457',b'6746'
b'4458',b'8717'
b'4459',b'6597'
b'4460',b'5725'
b'4461',b'9474'
b'4462',b'7666'
b'4463',b'9852'
b'4464',b'3163'
b'4465',b'4564'
b'4466',b'8949'
b'4467',b'4724'
b'4468',b'5639'
b'4469',b'5861'
b'4470',b'7328'
b'4471',b'5259'
b'4472',b'8472'
b'4473',b'2813'
b'4474',b'3362'
b'4475',b'2442'
b'4476',b'8847'
b'4477',b'8889'
b'4478',b'2535'
b'4479',b'3136'
b'4480',b'7776'
b'4481',b'2252'
b'4482',b'8999'
b'4483',b'4359'
b'4484',b'7189'
b'4485',b'6126'
b'4486',b'3612'
b'4487',b'9883'
b'4488',b'6167'
b'4489',b'5677'
b'4490',b'2143'
b'4491',b'9738'
b'4492',b'2694'
b'4493',b'9789'
b'4494',b'6383'
b'4495',b'1719'
b'4496',b'1561'
b'4497',b'7422'
b'4498',b'6343'
b'4499',b'5376'
b'4500',b'1426'
b'4501',b'8489'
b'4502',b'6348'
b'4503',b'5631'
b'4504',b'3159'
b'4505',b'1137'
b'4506',b'1914'
b'4507',b'5661'
b'4508',b'8533'
b'4509',b'8515'
b'4510',b'8139'
b'4511',b'5747'
b'4512',b'2823'
b'4513',b'7812'
b'4514',b'7991'
b'4515',b'4622'
b'4516',b'4414'
b'4517',b'9743'
b'4518',b'1943'
b'4519',b'8272'
b'4520',b'7282'
b'4521',b'2892'
b'4522',b'3261'
b'4523',b'7937'
b'4524',b'7271'
b'4525',b'8342'
b'4526',b'2368'
b'4527',b'4376'
b'4528',b'3835'
b'4529',b'8388'
b'4530',b'3195'
b'4531',b'2842'
b'4532',b'8717'
b'4533',b'2929'
b'4534',b'9566'
b'4535',b'2545'
b'4536',b'1459'
b'4537',b'1684'
b'4538',b'7487'
b'4539',b'1139'
b'4540',b'7535'
b'4541',b'6342'
b'4542',b'9926'
b'4543',b'5297'
b'4544',b'9938'
b'4545',b'3719'
b'4546',b'2789'
b'4547',b'7681'
b'4548',b'1868'
b'4549',b'8672'
b'4550',b'4368'
b'4551',b'9441'
b'4552',b'5443'
b'4553',b'9276'
b'4554',b'7926'
b'4555',b'1869'
b'4556',b'3278'
b'4557',b'3826'
b'4558',b'7857'
b'4559',b'9212'
b'4560',b'6865'
b'4561',b'9579'
b'4562',b'2213'
b'4563',b'6398'
b'4564',b'1599'
b'4565',b'2742'
b'4566',b'3848'
b'4567',b'7639'
b'4568',b'1722'
b'4569',b'1441'
b'4570',b'3222'
b'4571',b'4674'
b'4572',b'8597'
b'4573',b'9727'
b'4574',b'4836'
b'4575',b'3812'
b'4576',b'2246'
b'4577',b'7597'
b'4578',b'5366'
b'4579',b'7769'
b'4580',b'6851'
b'4581',b'4772'
b'4582',b'5281'
b'4583',b'5141'
b'4584',b'5275'
b'4585',b'5172'
b'4586',b'5728'
b'4587',b'9549'
b'4588',b'5443'
b'4589',b'5547'
b'4590',b'5147'
b'4591',b'3687'
b'4592',b'3645'
b'4593',b'3661'
b'4594',b'7893'
b'4595',b'9743'
b'4596',b'2914'
b'4597',b'3246'
b'4598',b'8129'
b'4599',b'3116'
b'4600',b'2748'
b'4601',b'8587'
b'4602',b'4768'
b'4603',b'4591'
b'4604',b'4355'
b'4605',b'8551'
b'4606',b'6248'
b'4607',b'5336'
b'4608',b'1524'
b'4609',b'5428'
b'4610',b'2815'
b'4611',b'6777'
b'4612',b'8649'
b'4613',b'7178'
b'4614',b'5149'
b'4615',b'1313'
b'4616',b'9784'
b'4617',b'3444'
b'4618',b'4348'
b'4619',b'6612'
b'4620',b'4791'
b'4621',b'2672'
b'4622',b'3676'
b'4623',b'5662'
b'4624',b'5359'
b'4625',b'5798'
b'4626',b'8912'
b'4627',b'6279'
b'4628',b'3787'
b'4629',b'7698'
b'4630',b'6841'
b'4631',b'8649'
b'4632',b'2172'
b'4633',b'3496'
b'4634',b'7516'
b'4635',b'2643'
b'4636',b'9719'
b'4637',b'8477'
b'4638',b'7634'
b'4639',b'7589'
b'4640',b'8714'
b'4641',b'9774'
b'4642',b'7355'
b'4643',b'9199'
b'4644',b'9968'
b'4645',b'9253'
b'4646',b'6287'
b'4647',b'9336'
b'4648',b'3557'
b'4649',b'5475'
b'4650',b'3755'
b'4651',b'6765'
b'4652',b'2211'
b'4653',b'3755'
b'4654',b'4677'
b'4655',b'4783'
b'4656',b'9943'
b'4657',b'5371'
b'4658',b'8495'
b'4659',b'5269'
b'4660',b'7111'
b'4661',b'9814'
b'4662',b'6894'
b'4663',b'1676'
b'4664',b'3577'
b'4665',b'6614'
b'4666',b'8489'
b'4667',b'7553'
b'4668',b'1341'
b'4669',b'2839'
b'4670',b'1819'
b'4671',b'3658'
b'4672',b'9826'
b'4673',b'1238'
b'4674',b'5879'
b'4675',b'7893'
b'4676',b'5919'
b'4677',b'7524'
b'4678',b'6258'
b'4679',b'9464'
b'4680',b'5397'
b'4681',b'4972'
b'4682',b'3244'
b'4683',b'5888'
b'4684',b'6688'
b'4685',b'6894'
b'4686',b'9915'
b'4687',b'9367'
b'4688',b'8452'
b'4689',b'5866'
b'4690',b'6439'
b'4691',b'5174'
b'4692',b'2449'
b'4693',b'1138'
b'4694',b'2458'
b'4695',b'2772'
b'4696',b'1455'
b'4697',b'6766'
b'4698',b'2565'
b'4699',b'1444'
b'4700',b'6467'
b'4701',b'2249'
b'4702',b'4696'
b'4703',b'3229'
b'4704',b'8963'
b'4705',b'7289'
b'4706',b'2796'
b'4707',b'6297'
b'4708',b'2315'
b'4709',b'9151'
b'4710',b'2497'
b'4711',b'7324'
b'4712',b'5831'
b'4713',b'5823'
b'4714',b'7165'
b'4715',b'3848'
b'4716',b'8798'
b'4717',b'3912'
b'4718',b'8669'
b'4719',b'5855'
b'4720',b'2417'
b'4721',b'1777'
b'4722',b'2497'
b'4723',b'9757'
b'4724',b'6216'
b'4725',b'5615'
b'4726',b'2367'
b'4727',b'2413'
b'4728',b'7979'
b'4729',b'2264'
b'4730',b'7677'
b'4731',b'5767'
b'4732',b'3346'
b'4733',b'3632'
b'4734',b'7596'
b'4735',b'8197'
b'4736',b'6386'
b'4737',b'1342'
b'4738',b'1768'
b'4739',b'5112'
b'4740',b'8578'
b'4741',b'4173'
b'4742',b'3266'
b'4743',b'8191'
b'4744',b'8242'
b'4745',b'6815'
b'4746',b'2697'
b'4747',b'9821'
b'4748',b'4128'
b'4749',b'6118'
b'4750',b'4136'
b'4751',b'8596'
b'4752',b'5271'
b'4753',b'8299'
b'4754',b'2277'
b'4755',b'4421'
b'4756',b'5878'
b'4757',b'1619'
b'4758',b'1925'
b'4759',b'4818'
b'4760',b'4623'
b'4761',b'9457'
b'4762',b'1688'
b'4763',b'5314'
b'4764',b'7339'
b'4765',b'6426'
b'4766',b'3361'
b'4767',b'5424'
b'4768',b'7845'
b'4769',b'5958'
b'4770',b'8436'
b'4771',b'4592'
b'4772',b'6498'
b'4773',b'3887'
b'4774',b'6613'
b'4775',b'8421'
b'4776',b'3189'
b'4777',b'7639'
b'4778',b'3445'
b'4779',b'2261'
b'4780',b'3135'
b'4781',b'9227'
b'4782',b'8795'
b'4783',b'2637'
b'4784',b'8362'
b'4785',b'5627'
b'4786',b'5877'
b'4787',b'9999'
b'4788',b'7146'
b'4789',b'9188'
b'4790',b'3563'
b'4791',b'7269'
b'4792',b'3767'
b'4793',b'8975'
b'4794',b'7894'
b'4795',b'9731'
b'4796',b'1788'
b'4797',b'7521'
b'4798',b'4838'
b'4799',b'7631'
b'4800',b'4261'
b'4801',b'5834'
b'4802',b'4251'
b'4803',b'5329'
b'4804',b'4239'
b'4805',b'2423'
b'4806',b'8696'
b'4807',b'5578'
b'4808',b'3281'
b'4809',b'9527'
b'4810',b'6995'
b'4811',b'3837'
b'4812',b'6285'
b'4813',b'4715'
b'4814',b'3429'
b'4815',b'2898'
b'4816',b'6965'
b'4817',b'2158'
b'4818',b'6275'
b'4819',b'5853'
b'4820',b'4594'
b'4821',b'1961'
b'4822',b'8546'
b'4823',b'4471'
b'4824',b'5788'
b'4825',b'6593'
b'4826',b'4282'